,time,Electrode 1,Electrode 2,Electrode 3,Electrode 4,Electrode 5,Electrode 6,Electrode 7,Electrode 8
0,0.003975402434662101,167540.734375,132164.890625,152252.046875,134038.046875,152252.40625,149667.5625,685891.9375,147598.046875
1,0.007975602391525172,167531.15625,132159.078125,152247.84375,134033.765625,152251.0625,149669.609375,685998.875,147600.828125
2,0.011975702348536288,167535.8125,132169.09375,152254.375,134041.359375,152258.125,149683.109375,686103.75,147599.578125
3,0.015975902306308853,167561.015625,132207.359375,152282.359375,134068.265625,152292.09375,149721.921875,686146.75,147631.3125
4,0.01997600226331997,167563.171875,132210.3125,152285.03125,134065.046875,152298.625,149729.6875,686122.9375,147632.03125
5,0.02397620222018304,167559.6875,132202.890625,152277.96875,134050.84375,152289.6875,149719.953125,686038.5625,147610.75
6,0.02797540240226226,167565.40625,132208.15625,152281.09375,134047.359375,152294.875,149719.6875,685970.875,147617.359375
7,0.03197550236018287,167567.28125,132211.109375,152285.03125,134053.34375,152299.609375,149724.59375,685947.625,147616.828125
8,0.03597560231719399,167552.890625,132203.6875,152278.78125,134046.71875,152298.09375,149731.21875,685919.8125,147612.984375
9,0.039975702274205105,167540.640625,132183.65625,152260.8125,134026.96875,152276.546875,149694.921875,686008.9375,147601.09375
10,0.043976202231533534,167546.1875,132180.359375,152257.59375,134024.375,152269.921875,149683.296875,686023.25,147596.4375
11,0.047975402413612755,167555.5625,132188.9375,152265.90625,134034.03125,152277.25,149693.9375,685965.9375,147594.203125
12,0.05197550237062387,167560.671875,132197.796875,152272.421875,134039.390625,152282.359375,149700.453125,685940.125,147590.1875
13,0.05597570232839644,167578.015625,132217.90625,152292.90625,134062.546875,152303.8125,149716.8125,685935.5625,147612.171875
14,0.05997590228525951,167582.5625,132223.890625,152297.015625,134062.640625,152310.0625,149721.015625,685901.125,147615.75
15,0.06397600224227062,167587.21875,132219.34375,152294.25,134057.09375,152303.984375,149711.71875,685939.1875,147594.921875
16,0.06797530264975649,167571.296875,132196.1875,152274.75,134038.40625,152284.5,149678.109375,686047.5625,147583.125
17,0.0719754026067676,167576.3125,132199.046875,152278.6875,134045.46875,152291.921875,149684.09375,686077.8125,147594.390625
18,0.07597560256454017,167596.0625,132227.03125,152301.3125,134071.140625,152319.1875,149718.703125,686105.4375,147622.28125
19,0.07997570252155128,167584.53125,132224.609375,152296.03125,134064.078125,152315.171875,149718.25,686027.9375,147617.640625
20,0.0839758024785624,167576.40625,132214.0625,152286.5625,134063.171875,152304.53125,149705.640625,685932.0,147612.359375
21,0.08797600243542547,167581.671875,132220.765625,152290.125,134068.265625,152310.875,149714.046875,685910.5,147624.15625
22,0.09197610239243659,167557.890625,132190.8125,152270.1875,134050.03125,152295.40625,149701.265625,686014.875,147616.203125
23,0.0959762023503572,167541.625,132169.984375,152254.71875,134037.421875,152280.65625,149680.515625,686036.9375,147605.828125
24,0.09997530253258446,167545.375,132175.171875,152256.328125,134037.15625,152283.609375,149681.5,686016.75,147611.015625
25,0.10397540248959558,167547.25,132177.671875,152254.015625,134032.59375,152280.296875,149681.234375,685976.0625,147596.53125
26,0.10797560244645865,167552.4375,132184.109375,152259.46875,134036.890625,152286.828125,149689.109375,685929.125,147602.796875
27,0.11197570240346977,167561.46875,132192.15625,152269.125,134043.6875,152296.390625,149701.078125,685919.4375,147613.609375
28,0.11597590236124233,167553.953125,132188.484375,152262.6875,134031.609375,152290.40625,149700.546875,685910.1875,147597.15625
29,0.11997600231825345,167552.171875,132191.265625,152263.3125,134033.21875,152292.640625,149702.0625,685896.6875,147602.25
30,0.12397620227511652,167548.5,132186.25,152255.078125,134023.484375,152282.984375,149696.703125,685993.5,147586.4375
31,0.12800124134355428,167553.0625,132191.625,152264.5625,134032.515625,152291.921875,149705.640625,686028.1875,147595.546875
32,0.13200054175104015,167563.96875,132201.09375,152275.640625,134041.984375,152298.796875,149714.40625,686005.625,147601.546875
33,0.1360007417088127,167557.0,132185.71875,152263.671875,134030.71875,152281.375,149682.75,686002.625,147586.78125
34,0.14000094166567578,167551.8125,132182.234375,152261.078125,134029.734375,152280.5625,149673.546875,685977.1875,147584.1875
35,0.14400134162315226,167560.3125,132195.640625,152273.40625,134044.578125,152299.078125,149694.015625,685924.1875,147600.5625
36,0.14800054180523148,167577.828125,132219.0625,152292.453125,134059.0625,152323.84375,149721.203125,685902.125,147622.453125
37,0.15200074176209455,167561.015625,132213.53125,152281.90625,134042.4375,152310.421875,149702.875,685941.4375,147603.5
38,0.15600094171986711,167558.34375,132213.609375,152281.640625,134043.5,152307.390625,149696.609375,686040.4375,147592.234375
39,0.16000104167687823,167569.96875,132223.71875,152295.5,134060.9375,152327.0625,149716.46875,686026.5625,147613.875
40,0.16400134163359326,167565.9375,132221.65625,152294.953125,134061.296875,152330.09375,149710.921875,685917.6875,147624.703125
41,0.16800144159060437,167564.234375,132215.578125,152284.859375,134047.0,152319.015625,149699.921875,685951.9375,147608.953125
42,0.1720015415476155,167560.9375,132207.265625,152275.734375,134037.96875,152313.109375,149694.921875,686067.4375,147605.46875
43,0.17600064173075225,167555.296875,132196.1875,152272.515625,134039.9375,152314.265625,149698.046875,686092.4375,147610.296875
44,0.18000074168776337,167559.0625,132202.265625,152278.234375,134045.75,152322.671875,149709.671875,686060.875,147622.90625
45,0.18400084164477448,167574.34375,132223.625,152297.734375,134069.078125,152347.359375,149744.0,685995.0,147649.1875
46,0.1880009416017856,167572.28125,132216.46875,152291.296875,134064.421875,152339.390625,149732.46875,685926.875,147645.265625
47,0.19200104155879671,167557.796875,132191.625,152264.828125,134030.8125,152303.09375,149690.265625,685964.0,147599.484375
48,0.19600124196676916,167554.765625,132184.921875,152258.296875,134027.5,152293.703125,149675.421875,686066.25,147588.9375
49,0.20000144192363223,167552.4375,132182.234375,152255.0,134023.84375,152291.828125,149676.140625,686063.6875,147582.578125
50,0.20400154188064334,167570.140625,132198.328125,152272.078125,134043.78125,152309.625,149693.9375,686021.5,147600.90625
51,0.2080006420637801,167575.59375,132202.4375,152275.46875,134049.859375,152317.21875,149704.21875,685961.0625,147614.765625
52,0.21200084202064318,167567.1875,132189.03125,152266.703125,134040.640625,152315.34375,149703.140625,685934.9375,147620.859375
53,0.2160009419776543,167540.375,132169.71875,152241.671875,134010.6875,152286.46875,149676.3125,685946.4375,147566.578125
54,0.22000114193451736,167536.609375,132168.546875,152240.953125,134015.171875,152285.75,149673.8125,686034.8125,147566.140625
55,0.22400124189243797,167555.03125,132184.921875,152256.78125,134029.828125,152305.421875,149699.5625,686011.75,147595.640625
56,0.2280013418494491,167570.859375,132198.859375,152270.1875,134047.796875,152315.4375,149703.3125,685957.5625,147600.28125
57,0.2320014418064602,167574.078125,132201.71875,152274.484375,134052.625,152315.796875,149693.484375,685931.5,147600.46875
58,0.23600054198868747,167575.78125,132208.25,152278.515625,134055.3125,152318.390625,149684.1875,685928.875,147608.328125
59,0.2400006419456986,167584.453125,132217.1875,152289.859375,134065.328125,152335.640625,149699.390625,685910.8125,147630.78125
60,0.24400084190256166,167586.421875,132221.390625,152295.5,134069.875,152349.765625,149716.8125,685946.75,147648.125
61,0.24800094186048227,167585.515625,132215.3125,152292.71875,134071.84375,152345.296875,149701.703125,685986.5,147641.6875
62,0.2520010418174934,167575.328125,132205.484375,152280.75,134061.921875,152329.375,149676.234375,685954.125,147624.703125
63,0.2560410280393626,167576.21875,132214.0625,152281.453125,134057.453125,152331.890625,149688.390625,685970.5,147621.03125
64,0.26004052844655234,167582.296875,132221.921875,152286.734375,134057.0,152343.859375,149704.75,685953.25,147636.765625
65,0.2640410284038808,167576.046875,132212.1875,152273.40625,134046.8125,152326.34375,149677.21875,685917.0625,147620.671875
66,0.2680411283608919,167575.78125,132214.0625,152272.703125,134048.78125,152324.640625,149678.109375,686002.5,147615.84375
67,0.27204132831866445,167571.578125,132213.4375,152272.78125,134051.28125,152329.015625,149688.03125,686078.6875,147621.5625
68,0.27604142827567557,167577.828125,132214.328125,152275.109375,134052.1875,152333.140625,149702.421875,686082.625,147614.234375
69,0.2800406284577548,167573.625,132213.34375,152268.859375,134039.9375,152328.578125,149705.375,686062.125,147598.40625
70,0.28404082841461786,167576.671875,132217.546875,152271.625,134041.1875,152335.90625,149709.671875,686013.875,147611.640625
71,0.2880409283725385,167574.875,132209.859375,152270.28125,134041.984375,152335.1875,149703.3125,685952.8125,147605.65625
72,0.2920410283295496,167569.609375,132208.15625,152265.71875,134031.890625,152330.625,149704.578125,685904.0625,147598.5
73,0.29604122828641266,167576.9375,132216.75,152271.53125,134043.234375,152335.015625,149713.6875,685885.375,147600.28125
74,0.3000413282434238,167584.171875,132219.25,152275.015625,134041.0,152342.4375,149720.578125,685913.0,147612.265625
75,0.304040528425503,167578.546875,132208.421875,152269.296875,134034.5625,152336.171875,149709.40625,686012.375,147609.9375
76,0.30804072838327556,167584.625,132209.0625,152274.125,134046.90625,152337.78125,149701.53125,686037.5,147621.296875
77,0.31204092834013863,167575.234375,132191.171875,152265.984375,134047.796875,152326.96875,149685.4375,686012.0,147614.0625
78,0.31604102829714975,167574.25,132191.0,152262.765625,134039.21875,152324.1875,149685.265625,686020.75,147605.109375
79,0.3200412282549223,167574.703125,132194.65625,152266.171875,134045.46875,152330.09375,149694.203125,685998.875,147608.421875
80,0.32404142866198526,167575.6875,132202.4375,152274.21875,134055.046875,152343.0625,149704.296875,685936.6875,147632.296875
81,0.328040628844974,167575.0625,132209.140625,152274.21875,134041.8125,152349.3125,149722.09375,685973.625,147640.15625
82,0.33204082880183705,167571.9375,132198.421875,152265.28125,134039.484375,152330.71875,149688.203125,686088.875,147625.140625
83,0.33604092875884817,167571.578125,132199.21875,152265.71875,134039.390625,152326.609375,149682.125,686116.0,147615.046875
84,0.3400410287158593,167567.546875,132198.0625,152264.375,134033.21875,152327.5,149679.171875,686074.375,147610.65625
85,0.3440411286728704,167570.859375,132200.734375,152267.15625,134035.734375,152330.09375,149678.90625,686011.375,147608.78125
86,0.348041228630791,167568.71875,132200.296875,152266.96875,134036.71875,152332.15625,149681.328125,685966.375,147610.390625
87,0.3520414285876541,167577.203125,132218.984375,152281.375,134051.546875,152353.15625,149707.078125,685942.0,147638.109375
88,0.3560406287697333,167558.25,132207.625,152264.46875,134036.4375,152333.046875,149699.65625,685926.1875,147609.140625
89,0.3600407287267444,167540.734375,132196.359375,152248.640625,134021.515625,152317.578125,149680.515625,685992.125,147588.75
90,0.36404082868375554,167538.484375,132192.609375,152248.375,134018.03125,152318.46875,149672.921875,686009.25,147601.890625
91,0.36804092864167615,167537.421875,132187.0625,152246.5,134015.796875,152317.84375,149672.390625,685930.125,147599.21875
92,0.37204102859868726,167538.671875,132187.78125,152247.390625,134020.984375,152322.765625,149680.609375,685914.625,147604.578125
93,0.3760411285556984,167539.921875,132191.359375,152250.34375,134025.453125,152325.71875,149684.984375,685925.25,147606.546875
94,0.3800412285127095,167536.53125,132189.203125,152247.65625,134022.046875,152322.40625,149682.390625,685906.5,147602.96875
95,0.38406791078614333,167539.46875,132192.875,152247.03125,134007.125,152324.546875,149690.890625,685951.0,147609.5
96,0.3880672111936292,167555.921875,132208.421875,152264.03125,134029.921875,152344.84375,149717.4375,686037.3125,147629.96875
97,0.39206741115140176,167563.796875,132213.53125,152266.96875,134031.171875,152349.5,149729.515625,686023.875,147621.484375
98,0.3960676111082648,167551.359375,132192.328125,152250.25,134017.125,152331.96875,149698.40625,686011.875,147610.390625
99,0.4000667112904921,167546.0,132190.546875,152245.875,134011.40625,152325.71875,149682.578125,685981.3125,147611.90625
100,0.40406691124826466,167562.625,132203.328125,152261.515625,134026.703125,152339.578125,149702.421875,685925.875,147623.09375
101,0.40806711120512773,167576.21875,132212.90625,152270.90625,134032.78125,152346.8125,149715.75,685921.8125,147629.609375
102,0.41206721116213885,167582.484375,132213.078125,152272.34375,134031.890625,152348.515625,149720.125,686060.4375,147626.578125
103,0.41606731111914996,167579.34375,132200.375,152266.890625,134030.984375,152341.453125,149704.75,686124.75,147621.921875
104,0.42006751107692253,167579.796875,132205.5625,152269.75,134031.703125,152350.65625,149716.375,686080.6875,147632.390625
105,0.42406761103393364,167582.5625,132208.703125,152271.359375,134029.203125,152357.359375,149721.921875,685995.375,147642.046875
106,0.42806771099094476,167575.953125,132198.234375,152263.21875,134023.5625,152342.96875,149706.09375,685926.0,147614.59375
107,0.432066811173172,167562.1875,132183.03125,152249.359375,134010.609375,152325.625,149686.25,685991.1875,147588.3125
108,0.43606691113018314,167570.953125,132196.453125,152263.046875,134025.265625,152340.828125,149701.53125,686113.9375,147609.859375
109,0.4400675110873635,167575.234375,132205.484375,152273.5,134033.671875,152352.890625,149713.59375,686084.3125,147626.390625
110,0.44406761104437464,167579.890625,132209.234375,152276.453125,134040.5625,152352.265625,149706.265625,685998.5,147624.515625
111,0.44806681122736336,167574.34375,132197.703125,152268.859375,134036.53125,152343.59375,149685.96875,685918.5,147617.984375
112,0.45206721118393034,167565.765625,132189.828125,152259.90625,134028.3125,152331.96875,149676.59375,685930.625,147598.671875
113,0.4560674111417029,167558.25,132190.09375,152258.03125,134025.984375,152332.953125,149676.5,686063.5625,147610.84375
114,0.460067511098714,167557.53125,132188.765625,152260.453125,134030.0,152337.875,149685.53125,686081.5625,147618.265625
115,0.46406671128079324,167553.875,132184.203125,152255.078125,134024.015625,152332.421875,149680.515625,686020.5,147611.90625
116,0.46806681123780436,167560.21875,132198.6875,152261.96875,134031.796875,152342.078125,149695.09375,685957.1875,147626.84375
117,0.4720669111948155,167558.078125,132202.265625,152265.546875,134038.671875,152350.390625,149710.03125,685913.375,147639.1875
118,0.4760670111527361,167540.28125,132187.78125,152248.5625,134013.828125,152339.9375,149705.203125,685910.625,147630.59375
119,0.4800671111097472,167527.765625,132176.515625,152234.4375,133998.984375,152325.171875,149684.90625,685994.3125,147613.703125
120,0.4840672110667583,167538.046875,132186.25,152241.40625,134005.859375,152328.578125,149690.625,686040.6875,147612.984375
121,0.4880674110236214,167545.90625,132187.78125,152243.8125,134005.328125,152324.015625,149682.84375,686003.75,147603.59375
122,0.4920675109806325,167560.125,132192.15625,152252.671875,134013.109375,152327.0625,149680.34375,686005.125,147604.9375
123,0.4960676109385531,167573.984375,132205.125,152265.984375,134028.578125,152343.234375,149693.75,686003.875,147623.359375
124,0.5000667111207804,167579.53125,132216.203125,152277.25,134043.78125,152360.5,149712.53125,685958.625,147645.890625
125,0.5040668110777915,167570.859375,132204.859375,152265.28125,134023.921875,152347.265625,149696.53125,685999.8125,147619.0625
126,0.5080669110348026,167579.265625,132217.28125,152276.90625,134034.296875,152361.484375,149709.578125,686046.25,147627.5625
127,0.512092680499336,167571.125,132207.796875,152271.984375,134029.46875,152357.8125,149704.484375,686013.1875,147627.109375
128,0.5160928806817537,167574.078125,132213.703125,152279.671875,134042.875,152366.390625,149708.421875,686005.625,147633.28125
129,0.5200921808636849,167581.3125,132222.90625,152288.171875,134053.515625,152377.484375,149719.59375,685966.6875,147643.65625
130,0.5240926808210133,167582.296875,132220.3125,152283.0625,134043.0625,152371.140625,149720.578125,685922.4375,147628.1875
131,0.5280928807787859,167583.46875,132219.0625,152282.625,134045.03125,152370.15625,149712.53125,685933.75,147632.03125
132,0.532092980735797,167579.625,132214.6875,152279.21875,134037.515625,152364.515625,149710.46875,686059.625,147624.34375
133,0.5360930806928081,167588.296875,132225.140625,152291.203125,134049.59375,152377.484375,149725.40625,686067.6875,147649.015625
134,0.5400922808748874,167587.9375,132222.90625,152290.84375,134055.3125,152375.78125,149721.640625,686009.375,147647.671875
135,0.5440924808326599,167580.6875,132208.609375,152280.03125,134049.3125,152362.734375,149702.515625,685947.1875,147634.4375
136,0.548092680789523,167571.84375,132204.765625,152270.1875,134037.15625,152352.171875,149694.375,685894.875,147626.390625
137,0.5520927807465341,167568.078125,132202.265625,152266.703125,134025.171875,152352.625,149703.140625,685934.0625,147624.0625
138,0.5560929807033972,167564.59375,132201.453125,152266.796875,134025.09375,152355.390625,149707.4375,686054.0,147632.75
139,0.5600930806604083,167567.109375,132206.46875,152270.28125,134031.4375,152355.671875,149706.265625,686056.25,147625.046875
140,0.5640921808435451,167574.96875,132210.125,152276.0,134036.4375,152360.9375,149705.546875,686002.625,147635.78125
141,0.5680923808004081,167576.671875,132209.5,152272.609375,134026.25,152354.5,149704.484375,685945.3125,147624.421875
142,0.5720925807572712,167587.390625,132219.515625,152281.375,134038.859375,152360.046875,149710.46875,685935.1875,147629.609375
143,0.5760926807142823,167591.421875,132223.890625,152285.921875,134046.375,152368.90625,149715.125,685941.1875,147648.390625
144,0.5800921813479363,167582.390625,132217.1875,152273.59375,134024.90625,152355.671875,149707.15625,685945.9375,147624.421875
145,0.5840924813046513,167577.65625,132211.828125,152266.171875,134019.90625,152346.453125,149700.90625,686037.9375,147612.265625
146,0.5880926812615144,167569.34375,132198.59375,152258.921875,134017.046875,152342.796875,149693.125,685998.375,147616.65625
147,0.5920928812192869,167562.09375,132190.28125,152251.59375,134014.1875,152335.734375,149686.421875,685952.6875,147609.5
148,0.59609308117615,167565.578125,132202.796875,152258.65625,134017.3125,152344.046875,149695.8125,685939.1875,147621.296875
149,0.6000922813582292,167570.046875,132215.3125,152268.859375,134027.5,152358.53125,149713.25,685907.6875,147637.390625
150,0.6040924813160018,167564.0625,132201.09375,152263.125,134025.265625,152350.125,149701.4375,685975.1875,147621.296875
151,0.6080926812728649,167565.765625,132201.640625,152263.578125,134024.828125,152348.421875,149699.390625,686059.125,147618.078125
152,0.6120928812297279,167571.390625,132208.15625,152270.109375,134029.921875,152355.671875,149704.21875,686051.0,147629.4375
153,0.6160931811873525,167570.5,132210.484375,152272.421875,134034.203125,152357.640625,149704.65625,686035.125,147632.03125
154,0.6200924813692836,167559.234375,132200.5625,152263.578125,134025.453125,152349.234375,149695.09375,685992.3125,147627.734375
155,0.6240925813262947,167559.0625,132199.75,152259.28125,134014.546875,152346.1875,149693.21875,685937.625,147627.828125
156,0.6280927812840673,167565.9375,132210.84375,152268.9375,134030.09375,152358.703125,149707.4375,685907.375,147640.078125
157,0.6320929812409304,167565.578125,132206.90625,152270.46875,134033.84375,152360.5,149711.359375,686009.3125,147639.71875
158,0.6360921814230096,167574.515625,132213.96875,152279.84375,134041.453125,152370.859375,149719.953125,686084.9375,147650.890625
159,0.6401173572385233,167573.8125,132217.375,152278.6875,134037.0625,152371.9375,149724.59375,686053.9375,147650.09375
160,0.644116857645713,167574.796875,132219.875,152277.875,134033.21875,152370.6875,149723.4375,685981.25,147644.71875
161,0.6481173576030415,167572.46875,132210.671875,152271.09375,134025.171875,152358.34375,149705.109375,685918.5625,147623.625
162,0.6521174575600526,167572.90625,132214.328125,152272.078125,134027.140625,152359.875,149709.671875,685940.75,147620.859375
163,0.6561166577421318,167576.671875,132218.984375,152277.171875,134036.796875,152366.390625,149718.703125,686079.3125,147629.53125
164,0.6601167577000524,167580.6875,132222.46875,152280.390625,134039.21875,152368.359375,149717.625,686087.125,147636.140625
165,0.6641168576570635,167588.296875,132225.140625,152283.421875,134036.71875,152369.25,149704.21875,686023.1875,147649.90625
166,0.6681169576140746,167595.71875,132237.046875,152290.125,134044.40625,152375.6875,149710.921875,685956.5,147648.84375
167,0.6721171575709377,167596.34375,132228.28125,152289.234375,134051.375,152374.625,149716.28125,685928.25,147639.0
168,0.6761173575287103,167596.609375,132227.203125,152290.125,134054.421875,152378.90625,149723.078125,685918.125,147649.375
169,0.6801174574857214,167576.484375,132206.546875,152268.21875,134027.234375,152357.09375,149699.109375,686010.0,147629.96875
170,0.6841165576679487,167580.328125,132208.703125,152270.46875,134032.515625,152361.03125,149703.9375,686027.8125,147630.234375
171,0.6881166576249598,167580.78125,132208.421875,152270.015625,134036.09375,152358.96875,149702.421875,685974.625,147626.03125
172,0.6921168575818228,167577.5625,132202.34375,152264.46875,134029.015625,152352.53125,149697.78125,685951.8125,147624.96875
173,0.6961169575397435,167575.15625,132198.6875,152263.484375,134032.953125,152351.546875,149693.3125,685954.25,147629.53125
174,0.7001170574967546,167571.578125,132197.796875,152259.734375,134020.984375,152347.703125,149692.40625,685928.3125,147620.40625
175,0.7041171574537657,167580.6875,132209.59375,152270.640625,134033.21875,152361.65625,149706.1875,685986.4375,147640.96875
176,0.7081173578608286,167588.109375,132215.21875,152277.4375,134040.921875,152369.171875,149711.453125,686043.3125,147652.859375
177,0.7121174578187492,167590.171875,132219.0625,152281.90625,134046.375,152373.09375,149720.84375,686032.1875,147651.96875
178,0.7161165580009765,167587.046875,132220.234375,152279.765625,134041.0,152369.4375,149721.109375,686036.375,147637.65625
179,0.7201167579578396,167575.953125,132211.296875,152270.015625,134028.046875,152358.796875,149705.28125,685982.0625,147626.390625
180,0.7241169579147027,167581.140625,132216.03125,152277.171875,134042.609375,152369.703125,149717.71875,685925.375,147638.015625
181,0.7281170578726233,167563.53125,132199.484375,152262.6875,134017.40625,152355.84375,149700.90625,685954.625,147628.453125
182,0.7321171578296344,167558.4375,132196.453125,152259.203125,134013.46875,152347.078125,149689.640625,686069.0625,147614.859375
183,0.7361173577864975,167564.515625,132205.65625,152266.4375,134022.234375,152351.109375,149691.0625,686097.375,147621.75
184,0.7401174577435086,167572.28125,132216.03125,152275.109375,134029.203125,152361.828125,149704.03125,686086.8125,147631.140625
185,0.7441165579257358,167580.421875,132218.53125,152279.21875,134035.453125,152366.125,149702.96875,686042.5,147635.96875
186,0.7481166578836564,167586.59375,132221.125,152282.4375,134038.765625,152367.5625,149699.296875,685992.75,147636.671875
187,0.7521167578406676,167589.1875,132227.296875,152288.34375,134041.890625,152377.296875,149713.875,685977.125,147646.78125
188,0.7561169577975306,167601.25,132247.046875,152303.359375,134055.75,152394.5625,149730.40625,685970.0625,147666.453125
189,0.7601170577545417,167605.71875,132253.84375,152306.40625,134054.421875,152400.015625,149738.09375,685916.9375,147671.28125
190,0.7641172577123143,167584.625,132230.328125,152281.453125,134034.125,152375.0625,149716.8125,685964.6875,147644.71875
191,0.7681414323969875,167586.234375,132223.8125,152276.09375,134031.265625,152366.125,149709.3125,686067.5,147627.734375
192,0.7721417325792572,167585.609375,132221.921875,152274.9375,134027.40625,152364.96875,149709.484375,686060.25,147634.703125
193,0.7761419325361203,167589.1875,132227.46875,152279.578125,134033.9375,152370.859375,149717.53125,686055.1875,147648.84375
194,0.7801411327181995,167587.484375,132228.640625,152279.21875,134036.625,152372.203125,149717.0,686005.375,147647.40625
195,0.7841413326759721,167589.09375,132237.484375,152286.46875,134039.3125,152379.09375,149724.953125,685937.625,147653.03125
196,0.7881415326328352,167579.890625,132230.15625,152280.65625,134034.03125,152373.015625,149719.328125,685945.5,147647.859375
197,0.7921417325896982,167576.21875,132217.28125,152274.3125,134029.015625,152362.28125,149703.671875,686040.0625,147637.390625
198,0.7961419325474708,167588.921875,132233.109375,152284.59375,134038.59375,152371.3125,149716.640625,686068.5625,147647.859375
199,0.80014113272955,167582.484375,132231.859375,152280.296875,134036.984375,152366.03125,149720.125,686042.1875,147642.046875
200,0.8041412326865611,167563.4375,132202.796875,152254.1875,133996.84375,152338.328125,149688.390625,685986.25,147615.75
201,0.8081415326441856,167577.390625,132214.6875,152265.09375,134008.8125,152347.171875,149697.234375,685933.875,147618.53125
202,0.8121416326011968,167585.15625,132225.953125,152278.515625,134029.296875,152362.90625,149713.25,685942.25,147637.578125
203,0.8161418325580598,167579.4375,132217.640625,152274.21875,134026.34375,152357.640625,149698.671875,686049.1875,147641.6875
204,0.820141932515071,167567.1875,132204.859375,152256.875,133996.84375,152338.859375,149688.390625,686038.4375,147602.4375
205,0.8241411326980597,167572.734375,132210.21875,152263.75,134006.578125,152347.265625,149699.5625,685987.9375,147609.671875
206,0.8281413326549227,167581.671875,132217.640625,152274.484375,134022.5,152359.59375,149705.375,685940.3125,147625.765625
207,0.8321414326119339,167593.5625,132229.0,152287.0,134036.265625,152371.3125,149716.46875,685932.3125,147634.796875
208,0.8361413330194409,167615.109375,132258.59375,152312.9375,134063.53125,152399.203125,149744.171875,685948.4375,147663.3125
209,0.8401416329770655,167589.984375,132242.765625,152294.875,134044.84375,152386.875,149738.015625,685955.0625,147651.515625
210,0.8441417329340766,167568.71875,132218.53125,152272.96875,134029.5625,152366.84375,149706.453125,686031.3125,147637.125
211,0.8481419328909396,167571.296875,132222.5625,152274.75,134031.890625,152372.125,149709.75,685985.625,147640.15625
212,0.8521410330731669,167567.640625,132222.734375,152271.890625,134028.484375,152369.96875,149711.90625,685945.8125,147640.875
213,0.856141133030178,167552.796875,132204.578125,152258.84375,134022.671875,152356.203125,149696.609375,685940.3125,147632.75
214,0.8601414329878025,167554.40625,132207.890625,152259.46875,134026.78125,152356.296875,149695.71875,685929.375,147631.578125
215,0.8641415329448137,167571.578125,132224.609375,152277.609375,134043.953125,152375.34375,149713.59375,685902.8125,147656.609375
216,0.8681417329016767,167564.328125,132220.5,152274.9375,134038.40625,152377.21875,149717.359375,685999.1875,147666.71875
217,0.8721418328595973,167575.78125,132233.640625,152287.53125,134050.21875,152390.359375,149732.640625,686095.25,147684.328125
218,0.8761419328166085,167572.828125,132228.09375,152279.40625,134032.59375,152377.484375,149733.265625,686099.5,147654.109375
219,0.8801410329988357,167569.0625,132219.875,152268.859375,134024.546875,152359.875,149709.484375,686075.8125,147629.34375
220,0.8841412329556988,167563.96875,132208.078125,152261.078125,134018.65625,152349.59375,149688.5625,686009.3125,147624.15625
221,0.8881413329127099,167557.984375,132201.90625,152255.53125,134013.28125,152342.875,149674.703125,685927.75,147624.421875
222,0.8921415328704825,167554.578125,132197.515625,152251.421875,134008.375,152339.484375,149673.8125,686011.1875,147625.046875
223,0.89595675721921,167555.390625,132191.0,152254.375,134018.921875,152342.796875,149674.4375,686095.5,147633.90625
224,0.8999565576268651,167562.546875,132201.984375,152260.265625,134027.859375,152348.609375,149685.265625,686087.5625,147632.296875
225,0.9039567575837282,167571.296875,132209.6875,152263.9375,134028.125,152352.8125,149695.359375,686048.0,147624.875
226,0.9079559577658074,167581.859375,132225.5,152277.4375,134031.609375,152370.0625,149717.71875,686003.4375,147648.03125
227,0.9119562577234319,167586.953125,132238.203125,152290.3125,134047.265625,152385.34375,149730.953125,685971.0625,147668.5
228,0.915956457680295,167574.703125,132232.84375,152282.53125,134039.65625,152376.859375,149725.84375,685950.8125,147652.140625
229,0.9199566576371581,167566.125,132227.03125,152274.3125,134030.1875,152367.375,149718.421875,685921.0625,147630.234375
230,0.9239558578201468,167560.21875,132225.0625,152270.015625,134022.5,152368.1875,149718.875,685924.4375,147630.859375
231,0.9279559577771579,167557.796875,132223.984375,152270.1875,134025.625,152369.703125,149711.1875,686025.3125,147641.6875
232,0.931956157734021,167561.296875,132226.3125,152271.359375,134025.09375,152372.75,149723.4375,686052.25,147641.6875
233,0.9359563576917935,167559.140625,132221.75,152264.921875,134020.984375,152366.484375,149710.46875,686056.3125,147638.828125
234,0.9399564576488046,167571.84375,132240.609375,152276.453125,134036.171875,152381.765625,149723.4375,686042.5,147659.5625
235,0.9439565576058158,167578.71875,132248.65625,152282.625,134047.265625,152388.03125,149737.5625,685990.625,147661.078125
236,0.9479567575626788,167578.015625,132244.1875,152280.65625,134044.140625,152384.640625,149733.0,685935.5625,147658.40625
237,0.9519558577449061,167565.765625,132227.828125,152267.421875,134027.0625,152366.84375,149708.953125,686015.375,147643.921875
238,0.9559561577025306,167563.25,132220.953125,152265.359375,134029.5625,152360.3125,149704.21875,686110.875,147633.640625
239,0.9599563576593937,167563.796875,132219.875,152264.203125,134019.8125,152356.828125,149703.3125,686101.5625,147623.796875
240,0.9639567594185792,167570.671875,132220.953125,152266.078125,134022.140625,152358.265625,149699.75,686054.8125,147631.140625
241,0.9679559596006584,167570.5,132216.828125,152262.859375,134020.265625,152356.03125,149696.171875,685987.3125,147629.703125
242,0.9719560595576695,167560.3125,132208.15625,152255.078125,134013.46875,152350.21875,149693.484375,685919.125,147627.5625
243,0.9759561595146806,167550.109375,132190.375,152241.671875,134008.90625,152332.328125,149667.640625,685905.625,147611.109375
244,0.9799562594726012,167543.671875,132178.65625,152234.25,133991.65625,152328.75,149661.5625,685936.5625,147618.265625
245,0.9839563594296123,167553.421875,132195.203125,152248.46875,134003.984375,152345.390625,149678.734375,686037.5625,147635.328125
246,0.9879565593864754,167544.03125,132193.59375,152244.71875,134002.46875,152342.4375,149680.34375,686010.1875,147622.546875
247,0.9919566593434865,167553.875,132210.484375,152264.734375,134025.890625,152365.5,149713.328125,685935.375,147646.78125
248,0.9959567593004977,167548.953125,132200.46875,152258.921875,134019.375,152353.703125,149688.75,685887.1875,147639.53125
249,0.9999558594836344,167540.09375,132186.34375,152243.8125,133996.75,152337.703125,149663.984375,685881.125,147626.65625
250,1.0039560594404975,167537.0625,132185.09375,152243.015625,133992.359375,152337.96875,149665.765625,685961.125,147622.640625
251,1.0079561593975086,167543.59375,132195.203125,152251.78125,133998.53125,152348.515625,149679.53125,686008.0,147625.234375
252,1.0119562593545197,167553.6875,132207.796875,152264.03125,134018.03125,152361.921875,149702.875,685984.875,147634.265625
253,1.0159563593115308,167559.328125,132209.328125,152268.859375,134026.25,152365.234375,149702.6875,685975.9375,147641.5
254,1.0199565592693034,167565.578125,132213.96875,152275.375,134037.875,152372.75,149708.234375,685958.375,147648.65625
255,1.0239818181644296,167563.53125,132210.390625,152271.359375,134027.59375,152369.53125,149700.8125,685913.1875,147649.375
256,1.0279812185717674,167563.96875,132217.375,152270.109375,134022.046875,152367.203125,149703.046875,685969.5,147635.609375
257,1.031981518529392,167572.109375,132227.390625,152277.96875,134038.59375,152375.421875,149719.234375,686070.5625,147635.421875
258,1.035981718486255,167574.25,132232.5625,152279.3125,134040.640625,152378.46875,149716.375,686104.375,147638.828125
259,1.0399819184440275,167572.28125,132241.421875,152284.859375,134046.375,152390.0,149717.359375,686083.5,147656.796875
260,1.0439810186262548,167568.078125,132245.265625,152286.28125,134048.25,152395.1875,149720.75,686014.25,147655.90625
261,1.0479812185831179,167565.046875,132240.890625,152282.265625,134038.40625,152393.84375,149723.4375,685942.6875,147649.28125
262,1.051981418539981,167551.28125,132227.65625,152269.125,134022.9375,152381.234375,149710.375,685951.375,147635.609375
263,1.055981518496992,167536.25,132210.84375,152256.875,134017.84375,152368.359375,149696.796875,686049.0,147631.046875
264,1.0599817184547646,167533.03125,132204.140625,152252.765625,134010.421875,152366.65625,149696.4375,686033.4375,147634.359375
265,1.0639818184117757,167540.1875,132205.125,152255.4375,134014.625,152368.09375,149699.75,685986.1875,147632.46875
266,1.067981018593855,167541.0,132200.203125,152250.078125,134004.96875,152361.484375,149691.34375,685925.25,147627.109375
267,1.0719812185516275,167533.578125,132190.640625,152242.296875,133991.296875,152358.609375,149690.890625,685897.125,147629.34375
268,1.0759813185086387,167530.71875,132183.9375,152239.890625,133993.4375,152357.71875,149692.859375,685992.125,147635.421875
269,1.0799815184655017,167526.59375,132178.125,152233.09375,133988.796875,152345.921875,149678.28125,686052.9375,147619.953125
270,1.0839817184223648,167529.28125,132175.609375,152231.21875,133988.078125,152336.625,149657.546875,686015.5,147607.078125
271,1.0879818183802854,167541.359375,132197.4375,152246.328125,134003.8125,152352.53125,149684.546875,685964.875,147619.6875
272,1.0919818187876444,167542.78125,132201.71875,152250.53125,134004.34375,152358.078125,149690.890625,685932.75,147628.0
273,1.0959809189698717,167544.921875,132197.4375,152250.078125,134005.234375,152355.84375,149682.578125,685930.75,147625.765625
274,1.0999811189267348,167555.03125,132208.703125,152259.90625,134018.734375,152364.078125,149684.546875,685916.125,147628.71875
275,1.1039812188846554,167555.75,132209.765625,152259.734375,134012.9375,152365.5,149684.09375,685961.1875,147623.4375
276,1.1079813188416665,167573.0,132223.1875,152275.46875,134034.390625,152384.015625,149700.71875,686042.0625,147646.0625
277,1.1119814187986776,167580.15625,132226.9375,152281.015625,134040.921875,152388.65625,149707.796875,686029.9375,147644.8125
278,1.1159815187556887,167588.5625,132241.234375,152291.03125,134050.578125,152402.515625,149719.234375,686037.5,147660.1875
279,1.1199816187126999,167592.140625,132253.578125,152299.609375,134054.140625,152418.25,149740.515625,686013.3125,147677.09375
280,1.123981818669563,167579.796875,132239.09375,152288.703125,134043.859375,152411.015625,149732.828125,685935.1875,147669.484375
281,1.1279819186274835,167560.84375,132217.09375,152269.75,134031.703125,152393.3125,149709.125,685964.25,147656.703125
282,1.1319810188097108,167550.828125,132215.84375,152264.109375,134026.703125,152391.421875,149714.40625,686046.0625,147655.90625
283,1.135981118766722,167547.4375,132215.9375,152261.4375,134022.046875,152390.171875,149717.890625,686056.6875,147649.90625
284,1.1399816187240503,167538.671875,132206.109375,152253.65625,134015.609375,152381.859375,149701.53125,686054.125,147647.9375
285,1.1439817186810615,167541.625,132215.140625,152259.015625,134015.171875,152390.890625,149721.109375,686006.125,147650.984375
286,1.1479810188629926,167541.0,132215.3125,152260.8125,134017.765625,152390.09375,149716.734375,685930.4375,147658.484375
287,1.1520049377268151,167533.3125,132201.09375,152248.828125,134004.890625,152375.609375,149705.109375,685907.0,147644.546875
288,1.156004937909529,167530.453125,132199.40625,152246.140625,133999.421875,152371.84375,149707.15625,685920.0,147630.859375
289,1.160005137866392,167526.59375,132197.4375,152244.4375,133995.578125,152371.9375,149703.40625,685916.625,147631.578125
290,1.164005337823255,167513.28125,132183.9375,152234.078125,133989.78125,152366.390625,149697.59375,685989.5625,147635.15625
291,1.1680054377802662,167492.890625,132161.578125,152212.53125,133968.046875,152341.359375,149668.890625,685996.375,147608.0625
292,1.172004637963255,167485.734375,132154.96875,152210.828125,133971.71875,152340.28125,149669.34375,685953.6875,147613.609375
293,1.176004737920266,167476.078125,132151.390625,152206.359375,133970.375,152338.40625,149668.984375,685913.1875,147620.578125
294,1.1800049378771291,167476.359375,132153.53125,152203.140625,133961.875,152333.40625,149664.96875,685882.625,147607.703125
295,1.1840051378339922,167490.84375,132168.28125,152220.03125,133978.328125,152351.46875,149682.046875,685917.6875,147633.09375
296,1.1880052377919128,167493.609375,132165.328125,152220.9375,133972.609375,152350.65625,149683.203125,686016.5625,147627.734375
297,1.1920054377487759,167509.171875,132166.59375,152227.8125,133981.1875,152350.21875,149668.890625,686016.125,147623.71875
298,1.1960045379310031,167527.9375,132181.078125,152240.78125,133994.328125,152360.046875,149677.65625,686012.4375,147626.3125
299,1.2000047378878662,167544.65625,132206.109375,152256.78125,134005.234375,152376.59375,149699.109375,685992.5625,147632.921875
300,1.2040048378457868,167562.0,132218.171875,152270.109375,134014.625,152384.984375,149698.9375,685950.1875,147636.3125
301,1.208004937802798,167570.859375,132229.171875,152279.21875,134025.890625,152392.328125,149703.5,685921.5,147638.203125
302,1.212005337759365,167570.5,132233.640625,152279.671875,134030.8125,152391.96875,149702.421875,686022.1875,147634.890625
303,1.2160054377172855,167567.8125,132236.234375,152281.453125,134032.515625,152396.53125,149707.15625,686072.875,147641.59375
304,1.2200054381246446,167560.390625,132232.390625,152278.234375,134026.25,152396.53125,149707.34375,686035.5,147639.453125
305,1.2240045383068718,167566.03125,132241.59375,152281.09375,134026.515625,152400.734375,149719.40625,685957.875,147631.21875
306,1.228004738263735,167581.40625,132263.234375,152295.234375,134042.703125,152419.59375,149742.21875,685914.25,147652.765625
307,1.2320048382216555,167575.15625,132263.953125,152295.765625,134047.890625,152423.34375,149743.90625,685928.5,147665.375
308,1.2360049381786666,167560.390625,132249.375,152283.15625,134035.109375,152410.390625,149731.65625,686051.625,147646.78125
309,1.2400051381355297,167553.875,132234.09375,152275.375,134025.796875,152405.90625,149722.265625,686062.3125,147649.640625
310,1.2440052380925408,167540.546875,132214.6875,152259.90625,134010.96875,152388.484375,149701.703125,685999.5625,147630.6875
311,1.248005338049552,167529.109375,132198.859375,152248.015625,134000.6875,152374.0,149684.640625,685957.1875,147615.9375
312,1.252005438006563,167521.59375,132194.578125,152247.125,133999.421875,152376.140625,149694.5625,685913.5625,147619.25
313,1.2560045381896998,167504.0625,132176.15625,152235.0625,133991.921875,152365.5,149684.71875,685963.6875,147614.328125
314,1.2600047381465629,167504.703125,132174.90625,152237.828125,133992.453125,152368.1875,149690.265625,686053.8125,147623.359375
315,1.264004838103574,167514.4375,132180.984375,152247.3125,134003.625,152376.40625,149698.40625,686012.0625,147637.65625
316,1.2680049380605851,167514.625,132179.8125,152248.734375,134006.40625,152371.9375,149689.546875,685957.0,147632.296875
317,1.2720050380175962,167501.203125,132175.796875,152240.515625,133985.125,152366.390625,149691.515625,685910.1875,147626.484375
318,1.2760052379753688,167489.9375,132175.078125,152239.171875,133986.5625,152368.625,149685.4375,685887.5625,147635.421875
319,1.280032415261303,167486.640625,132184.109375,152243.109375,133989.234375,152373.015625,149692.765625,685909.875,147631.3125
320,1.2840319156694022,167481.0,132184.296875,152237.109375,133980.203125,152365.5,149688.5625,686025.75,147606.375
321,1.2880321156262653,167484.9375,132189.828125,152239.171875,133982.53125,152370.328125,149690.796875,686025.9375,147618.796875
322,1.2920324155838898,167498.078125,132197.96875,152247.390625,133987.1875,152382.484375,149704.03125,685998.0625,147633.8125
323,1.296031615765969,167519.71875,132212.625,152261.34375,134003.625,152396.34375,149720.65625,685989.8125,147647.9375
324,1.300031815722832,167535.625,132217.09375,152267.15625,134009.984375,152402.0625,149724.59375,685965.0625,147657.953125
325,1.3040320156806047,167559.6875,132226.3125,152274.484375,134019.375,152403.046875,149724.78125,685920.8125,147644.546875
326,1.3080322156374677,167563.078125,132218.53125,152268.40625,134010.6875,152393.21875,149718.25,685985.0,147629.796875
327,1.3120324155943308,167553.328125,132202.34375,152249.546875,133985.484375,152369.609375,149695.625,686077.0,147607.0
328,1.3160319157768754,167555.65625,132204.234375,152251.328125,133993.796875,152366.84375,149692.40625,686081.375,147609.671875
329,1.3200322157345,167546.265625,132204.5,152247.390625,133993.4375,152363.890625,149688.921875,686049.8125,147612.8125
330,1.324032415691363,167532.5,132200.828125,152243.453125,133987.71875,152364.15625,149689.546875,685948.0625,147624.515625
331,1.3280316158734422,167535.1875,132209.328125,152250.96875,134002.109375,152373.015625,149704.75,685941.75,147627.109375
332,1.3320317158304533,167524.28125,132195.015625,152236.484375,133992.71875,152347.796875,149681.5,686049.1875,147586.34375
333,1.3360320157880778,167520.96875,132196.71875,152239.609375,133999.34375,152349.3125,149680.609375,686067.5,147594.75
334,1.340032115745089,167521.5,132200.109375,152245.34375,134007.75,152353.609375,149678.015625,686049.5625,147608.328125
335,1.3440322157021,167527.9375,132203.6875,152253.03125,134021.0625,152360.046875,149684.359375,686000.125,147618.4375
336,1.3480324161100725,167534.640625,132211.828125,152261.796875,134025.0,152377.03125,149712.4375,685932.4375,147637.921875
337,1.3520316162921517,167535.984375,132211.296875,152265.015625,134030.984375,152379.8125,149703.5,685918.125,147642.9375
338,1.3560317162491629,167522.671875,132188.3125,152250.96875,134029.109375,152362.375,149671.84375,686023.6875,147623.09375
339,1.3600319162069354,167520.15625,132187.234375,152251.421875,134024.546875,152365.40625,149677.5625,686037.125,147622.546875
340,1.3640320161639465,167526.875,132195.46875,152257.234375,134013.90625,152374.703125,149688.296875,685970.4375,147638.46875
341,1.3680321161209577,167533.578125,132200.65625,152264.65625,134024.46875,152383.296875,149699.203125,685893.0,147645.078125
342,1.3720322160779688,167528.03125,132194.125,152259.375,134019.09375,152379.984375,149701.359375,685936.375,147636.671875
343,1.3760324160357413,167520.609375,132182.5,152252.578125,134013.109375,152372.390625,149690.796875,686051.9375,147621.484375
344,1.3800315162179686,167523.734375,132186.609375,152256.96875,134016.859375,152381.421875,149701.53125,686049.1875,147630.15625
345,1.3840317161748317,167526.421875,132191.265625,152262.140625,134022.5,152391.515625,149711.359375,685985.875,147639.890625
346,1.3880318161318428,167518.203125,132178.03125,152250.703125,134012.296875,152376.671875,149677.75,685921.25,147632.75
347,1.3920320160887059,167525.53125,132190.375,152258.75,134019.1875,152383.03125,149686.78125,685893.8125,147632.109375
348,1.3960324160461823,167527.5,132197.96875,152260.265625,134012.75,152387.140625,149697.6875,685892.75,147632.921875
349,1.4000315162284096,167526.421875,132202.625,152261.703125,134021.0625,152390.453125,149699.5625,685891.1875,147640.875
350,1.4040317161861822,167527.3125,132207.265625,152261.796875,134018.03125,152393.390625,149706.625,685978.3125,147647.3125
351,1.4080711682390756,167517.390625,132202.53125,152252.40625,134000.328125,152388.296875,149708.59375,686033.0,147642.3125
352,1.4120704686465615,167499.15625,132185.8125,152234.515625,133987.1875,152369.078125,149685.078125,686000.9375,147624.25
353,1.416070568604482,167493.15625,132182.328125,152233.265625,133989.234375,152372.5625,149690.796875,685996.625,147635.515625
354,1.4200707685613452,167481.625,132177.5,152224.953125,133980.203125,152370.15625,149692.328125,685957.0,147632.921875
355,1.4240698687435724,167484.578125,132185.453125,152230.9375,133987.359375,152382.578125,149715.125,685910.8125,147641.234375
356,1.4280700687004355,167479.03125,132179.90625,152224.59375,133986.5625,152375.78125,149707.4375,685954.125,147638.109375
357,1.432070268658208,167467.859375,132170.515625,152212.4375,133977.96875,152363.4375,149695.71875,686062.125,147628.0
358,1.436070568614923,167445.328125,132148.890625,152193.921875,133965.453125,152343.234375,149664.515625,686067.0,147616.734375
359,1.4400706685719342,167436.75,132151.484375,152193.75,133962.234375,152348.515625,149675.328125,686044.1875,147622.28125
360,1.444069868754923,167433.890625,132152.015625,152192.765625,133958.125,152346.453125,149672.390625,685981.6875,147618.796875
361,1.448070068711786,167431.109375,132148.265625,152191.78125,133958.21875,152341.890625,149666.9375,685923.5,147613.875
362,1.4520701686687971,167441.578125,132162.828125,152203.859375,133972.609375,152352.8125,149680.34375,686003.5,147628.1875
363,1.4560702686258082,167446.578125,132171.59375,152208.328125,133974.484375,152358.703125,149689.28125,686084.25,147637.65625
364,1.4600704685835808,167468.9375,132193.765625,152230.9375,133993.4375,152382.484375,149717.09375,686087.375,147658.9375
365,1.4640706685404439,167484.40625,132207.09375,152238.71875,133981.375,152388.921875,149724.234375,686040.3125,147661.53125
366,1.468070768497455,167500.140625,132214.328125,152248.015625,133988.609375,152390.265625,149717.53125,685957.875,147652.859375
367,1.4720698686796823,167498.796875,132200.828125,152242.921875,133983.6875,152380.609375,149696.4375,685959.125,147643.375
368,1.4760707688619732,167502.28125,132196.8125,152246.765625,133992.8125,152384.28125,149697.78125,686078.4375,147647.3125
369,1.480069969044962,167516.765625,132206.1875,152256.421875,134005.15625,152388.203125,149697.59375,686088.4375,147637.484375
370,1.4840704690022903,167532.328125,132208.875,152265.453125,134010.96875,152394.5625,149699.109375,686036.875,147643.203125
371,1.4880705689593015,167548.0625,132219.609375,152274.75,134016.0625,152399.46875,149704.125,685976.5,147645.171875
372,1.4920706689163126,167565.5,132231.40625,152288.609375,134032.6875,152409.9375,149712.078125,685940.9375,147647.859375
373,1.4960707688733237,167573.1875,132240.265625,152297.734375,134044.578125,152418.15625,149724.59375,685929.1875,147646.875
374,1.500069869055551,167568.890625,132239.28125,152295.9375,134044.671875,152420.21875,149725.9375,685905.25,147653.125
375,1.504069969012562,167555.65625,132230.0625,152281.453125,134024.203125,152410.921875,149721.296875,685983.5625,147645.703125
376,1.5080700689695732,167560.125,132241.328125,152287.890625,134031.265625,152420.9375,149734.875,686041.6875,147652.328125
377,1.5120701689274938,167558.4375,132248.75,152288.609375,134029.015625,152428.171875,149749.1875,686011.125,147660.1875
378,1.5160703688843569,167551.09375,132245.171875,152282.703125,134022.140625,152425.5,149747.125,685997.5,147666.453125
379,1.520070468841368,167555.5625,132248.21875,152288.4375,134029.375,152433.1875,149752.84375,685977.1875,147682.625
380,1.524070568798379,167556.546875,132242.578125,152284.5,134028.578125,152423.703125,149736.671875,685927.125,147665.375
381,1.5280706687553902,167550.828125,132231.40625,152276.90625,134021.421875,152413.609375,149723.703125,685939.6875,147656.4375
382,1.532069868938379,167543.40625,132222.28125,152272.421875,134015.96875,152408.328125,149725.9375,686058.5,147646.328125
383,1.536093799099035,167544.484375,132221.84375,152274.03125,134015.96875,152407.96875,149724.953125,686061.6875,147643.734375
384,1.5400932995062249,167549.671875,132223.8125,152278.6875,134019.375,152410.734375,149727.375,686024.9375,147648.75
385,1.544093499463088,167556.828125,132221.921875,152283.0625,134029.46875,152412.796875,149725.671875,685969.0625,147656.875
386,1.5480927996459286,167561.921875,132223.0,152284.59375,134024.28125,152414.3125,149733.53125,685916.5,147657.59375
387,1.5520928996029397,167558.96875,132213.078125,152278.78125,134021.15625,152406.1875,149728.625,686017.6875,147652.40625
388,1.5560929995599508,167555.921875,132206.375,152272.703125,134022.234375,152398.046875,149715.65625,686086.625,147646.875
389,1.560093199516814,167573.625,132232.125,152289.859375,134045.921875,152418.4375,149746.765625,686078.5,147664.03125
390,1.5640933994745865,167563.34375,132217.734375,152275.109375,134027.0625,152398.671875,149719.5,686040.0,147646.0625
391,1.5680934994315976,167569.0625,132227.828125,152282.703125,134030.09375,152409.21875,149731.75,685993.25,147660.90625
392,1.5720925996138249,167573.546875,132242.40625,152293.078125,134042.25,152419.40625,149742.921875,685952.1875,147674.765625
393,1.576092699570836,167563.53125,132239.546875,152288.4375,134039.03125,152416.109375,149745.875,685922.0625,147668.953125
394,1.5800928995286085,167558.515625,132233.734375,152284.59375,134033.40625,152412.0,149736.046875,685910.5,147668.5
395,1.5840929994856197,167566.921875,132245.984375,152293.53125,134041.453125,152423.078125,149746.953125,686002.6875,147686.921875
396,1.5880931994424827,167568.71875,132251.703125,152294.59375,134037.34375,152420.9375,149743.828125,686040.1875,147677.984375
397,1.5920932993994938,167557.625,132239.546875,152280.921875,134027.234375,152400.546875,149719.859375,685998.875,147643.03125
398,1.5960934993572664,167555.484375,132237.484375,152280.921875,134030.0,152399.828125,149715.921875,685982.0625,147646.515625
399,1.6000926995393456,167543.671875,132228.359375,152273.140625,134022.3125,152395.0,149706.453125,685932.875,147649.8125
400,1.6040935997216366,167548.0625,132229.53125,152275.375,134022.3125,152399.296875,149714.9375,685890.0625,147657.421875
401,1.6080926999038638,167552.53125,132229.4375,152279.671875,134034.75,152403.5,149721.203125,685976.875,147664.65625
402,1.612092799860875,167550.734375,132227.5625,152275.109375,134027.140625,152400.28125,149723.078125,686062.625,147661.53125
403,1.616092899817886,167557.890625,132232.75,152280.125,134031.53125,152404.125,149725.578125,686080.8125,147664.484375
404,1.6200929997758067,167555.65625,132232.65625,152280.203125,134029.5625,152404.296875,149723.34375,686051.75,147666.1875
405,1.6240930997328178,167557.53125,132236.328125,152282.796875,134033.3125,152404.578125,149723.4375,685974.8125,147664.65625
406,1.628093199689829,167557.453125,132229.796875,152281.8125,134026.703125,152404.21875,149730.859375,685905.0,147661.4375
407,1.63209329964684,167563.34375,132235.25,152289.421875,134034.125,152412.703125,149742.5625,685927.9375,147671.28125
408,1.636093499603703,167558.15625,132226.3125,152281.734375,134028.21875,152403.046875,149725.21875,686067.4375,147665.5625
409,1.6400926997866918,167560.046875,132223.53125,152282.796875,134031.4375,152402.515625,149724.421875,686082.4375,147666.453125
410,1.644092799743703,167572.640625,132230.0625,152291.5625,134045.828125,152409.125,149732.375,686050.4375,147660.375
411,1.648092899700714,167564.515625,132217.734375,152279.578125,134031.4375,152390.265625,149705.375,685990.0625,147634.890625
412,1.6520930996575771,167568.625,132233.90625,152292.90625,134039.75,152407.796875,149724.953125,685945.375,147657.328125
413,1.6560932996153497,167571.75,132247.328125,152302.46875,134047.265625,152420.3125,149738.8125,685935.125,147673.421875
414,1.6600933995723608,167567.109375,132250.0,152301.3125,134048.96875,152424.59375,149750.078125,685933.0625,147677.0
415,1.6641214898972976,167572.90625,132254.46875,152304.078125,134055.84375,152426.921875,149749.453125,685942.375,147682.8125
416,1.6681205903050795,167565.140625,132248.484375,152293.890625,134038.046875,152415.125,149734.609375,686033.625,147672.265625
417,1.6721207902619426,167554.40625,132237.671875,152285.03125,134025.453125,152409.75,149733.09375,686035.9375,147671.546875
418,1.6761209902188057,167545.5625,132235.875,152278.6875,134021.421875,152403.765625,149731.296875,686012.25,147662.875
419,1.6801211901765782,167548.59375,132244.453125,152281.453125,134027.6875,152409.40625,149735.421875,685994.5625,147668.140625
420,1.6841202903588055,167554.5,132250.0,152285.21875,134031.171875,152414.140625,149740.515625,685947.0,147685.21875
421,1.6881203903158166,167553.6875,132244.8125,152280.921875,134024.28125,152408.859375,149738.71875,685921.9375,147678.421875
422,1.6921206902725316,167545.734375,132236.40625,152275.109375,134023.84375,152402.0625,149734.171875,686034.375,147665.734375
423,1.6961208902303042,167548.5,132244.1875,152282.359375,134035.015625,152410.46875,149740.953125,686075.75,147674.859375
424,1.7001209901873153,167530.890625,132230.0625,152267.59375,134012.578125,152399.03125,149727.734375,686051.0,147668.5
425,1.7041201903693945,167527.765625,132229.0,152265.546875,134008.8125,152398.671875,149729.6875,685991.5,147664.65625
426,1.7081202903264057,167536.53125,132240.96875,152275.015625,134019.8125,152411.71875,149740.328125,685934.0625,147679.859375
427,1.7121204902841782,167538.765625,132245.171875,152281.015625,134030.0,152419.953125,149750.96875,685891.375,147687.90625
428,1.7161205902411893,167529.375,132226.671875,152270.640625,134030.28125,152402.25,149717.71875,685890.25,147677.09375
429,1.7201206901982005,167517.84375,132211.921875,152256.96875,134009.71875,152385.171875,149703.59375,685977.5,147650.890625
430,1.7241207901552116,167518.546875,132206.546875,152251.859375,134000.234375,152378.109375,149700.015625,686022.375,147638.46875
431,1.7281208901122227,167534.109375,132220.953125,152266.4375,134020.890625,152393.671875,149716.1875,685985.25,147655.8125
432,1.7321202907451152,167534.734375,132217.09375,152266.96875,134024.109375,152395.90625,149717.625,685937.1875,147661.53125
433,1.7361203907030358,167528.125,132207.453125,152258.65625,134013.46875,152387.140625,149706.265625,685913.9375,147655.359375
434,1.740120490660047,167535.0,132220.765625,152268.671875,134019.09375,152399.828125,149720.390625,685905.625,147677.09375
435,1.744120590617058,167541.4375,132229.34375,152273.59375,134020.4375,152402.609375,149725.9375,685992.125,147675.03125
436,1.7481206905740692,167553.953125,132236.59375,152282.890625,134033.5,152409.3125,149731.921875,686028.4375,147668.6875
437,1.7521208905309322,167559.328125,132241.6875,152284.40625,134026.34375,152410.390625,149736.671875,685996.25,147663.40625
438,1.7561209904879433,167568.984375,132251.875,152294.515625,134038.859375,152419.765625,149740.25,685996.625,147677.0
439,1.760121090445864,167566.03125,132254.46875,152293.078125,134037.25,152418.34375,149739.34375,685986.5,147670.46875
440,1.7641201906280912,167570.40625,132257.953125,152298.625,134042.078125,152428.265625,149751.859375,685943.0,147680.578125
441,1.7681202905851023,167560.84375,132243.03125,152284.140625,134023.84375,152415.03125,149732.90625,685991.25,147671.8125
442,1.7721203905421135,167565.140625,132245.984375,152286.90625,134029.5625,152417.71875,149733.984375,686075.0,147677.453125
443,1.7761204904991246,167575.234375,132258.3125,152298.71875,134045.828125,152434.796875,149760.625,686079.75,147692.828125
444,1.7801205904561357,167572.28125,132262.34375,152296.5625,134043.59375,152435.421875,149771.71875,686073.9375,147684.515625
445,1.7841206904140563,167569.78125,132265.375,152297.546875,134040.640625,152435.15625,149763.9375,686027.75,147690.59375
446,1.7881207903710674,167531.25,132234.359375,152274.125,134018.03125,152414.859375,149729.15625,685927.25,147684.15625
447,1.7921456553549433,167510.5,132212.359375,152257.234375,134006.9375,152401.0,149714.046875,685924.1875,147680.84375
448,1.796145755537509,167511.9375,132209.0625,152251.6875,134007.390625,152394.296875,149712.265625,686068.0625,147667.609375
449,1.8001450557203498,167525.078125,132221.125,152261.25,134014.625,152402.0625,149726.125,686106.3125,147666.984375
450,1.8041452556772128,167539.296875,132232.921875,152273.140625,134023.125,152415.484375,149739.0,686064.5,147684.59375
451,1.808145455634076,167532.234375,132218.265625,152261.609375,134009.796875,152399.828125,149721.5625,685997.0625,147664.296875
452,1.8121456555918485,167537.859375,132228.28125,152268.671875,134016.328125,152406.546875,149733.453125,685954.3125,147667.171875
453,1.8161458555487116,167528.484375,132216.03125,152258.84375,134005.6875,152396.34375,149725.046875,685918.125,147664.125
454,1.8201450557307908,167534.109375,132221.21875,152266.890625,134020.890625,152399.03125,149724.59375,685909.4375,147665.203125
455,1.8241452556876538,167536.875,132225.6875,152268.3125,134014.984375,152399.46875,149722.546875,685962.9375,147660.640625
456,1.8281454556454264,167543.859375,132235.078125,152273.859375,134013.734375,152404.65625,149727.734375,686046.3125,147665.28125
457,1.8321456556022895,167550.390625,132244.640625,152279.9375,134023.390625,152408.140625,149734.4375,686016.1875,147669.3125
458,1.8361457555593006,167561.375,132250.625,152288.96875,134037.703125,152417.0,149743.90625,686015.6875,147680.03125
459,1.8401459555170732,167566.125,132256.265625,152293.890625,134039.21875,152424.515625,149753.296875,686002.0625,147691.296875
460,1.8441458561492254,167564.953125,132256.4375,152292.71875,134041.71875,152424.875,149749.1875,685948.0625,147697.734375
461,1.8481450563322142,167556.828125,132247.59375,152284.140625,134031.96875,152417.71875,149737.828125,685941.8125,147688.4375
462,1.8521452562890772,167551.90625,132247.765625,152282.796875,134030.984375,152421.203125,149742.75,686039.0,147694.875
463,1.8561453562460883,167541.0,132232.84375,152268.859375,134023.5625,152402.0625,149716.546875,686050.4375,147670.734375
464,1.860145656428358,167521.859375,132216.296875,152249.1875,134002.375,152380.15625,149697.0625,686042.1875,147643.375
465,1.8641458563861306,167525.890625,132225.140625,152256.609375,134008.90625,152390.53125,149714.046875,685992.5,147653.21875
466,1.8681459563431417,167532.328125,132230.6875,152263.3125,134012.65625,152397.15625,149720.3125,685917.9375,147662.25
467,1.872145156525221,167533.390625,132235.15625,152267.328125,134011.046875,152402.6875,149726.203125,685947.6875,147667.609375
468,1.876145256482232,167540.375,132239.90625,152275.203125,134022.234375,152410.109375,149733.8125,686083.625,147673.15625
469,1.8801454564400046,167535.546875,132233.46875,152268.3125,134011.765625,152400.90625,149725.84375,686105.0,147661.53125
470,1.8841456563968677,167535.546875,132230.421875,152266.96875,134008.28125,152396.796875,149717.359375,686067.4375,147657.953125
471,1.8881457563538788,167535.09375,132231.671875,152268.40625,134011.59375,152395.359375,149710.46875,685989.125,147654.828125
472,1.892145956310742,167546.0,132245.265625,152281.375,134026.78125,152409.21875,149728.890625,685945.375,147663.046875
473,1.8961450564938787,167551.28125,132249.734375,152287.984375,134031.171875,152422.984375,149749.0,685940.3125,147680.75
474,1.9001451564508898,167544.578125,132243.390625,152283.25,134025.796875,152420.046875,149740.78125,685916.875,147683.796875
475,1.9041453564077528,167539.65625,132237.9375,152278.15625,134023.125,152415.65625,149731.921875,685956.5625,147682.09375
476,1.908145456364764,167544.125,132238.734375,152278.515625,134021.609375,152419.0625,149738.640625,686046.0,147692.46875
477,1.912145556321775,167546.09375,132235.875,152275.640625,134023.65625,152410.03125,149731.65625,686037.125,147672.96875
478,1.9161457562795476,167544.921875,132233.90625,152273.859375,134027.6875,152406.71875,149731.390625,686033.4375,147667.96875
479,1.9199590815769625,167545.640625,132237.484375,152277.875,134032.875,152414.140625,149741.3125,685999.5625,147682.71875
480,1.9239589819844696,167550.296875,132231.9375,152276.09375,134035.015625,152408.5,149721.640625,685956.375,147683.4375
481,1.927959281942094,167560.671875,132242.5,152281.375,134037.515625,152408.234375,149727.546875,685923.5625,147677.53125
482,1.9319595818988091,167559.5,132236.5,152277.875,134035.640625,152403.671875,149724.859375,686013.5,147672.53125
483,1.935959482081671,167564.78125,132238.109375,152279.84375,134035.1875,152406.890625,149729.25,686103.125,147677.453125
484,1.9399595820386821,167562.8125,132239.546875,152278.0625,134033.140625,152405.28125,149725.3125,686102.125,147678.96875
485,1.9439587822207613,167556.375,132235.078125,152274.578125,134024.46875,152405.734375,149729.96875,686033.25,147682.1875
486,1.9479590821783859,167568.265625,132250.453125,152289.140625,134038.046875,152422.28125,149752.21875,685954.3125,147700.421875
487,1.951959282135249,167569.15625,132249.46875,152288.796875,134042.34375,152420.84375,149750.25,685914.8125,147697.734375
488,1.955959482092112,167566.5625,132248.125,152286.5625,134044.40625,152415.921875,149743.109375,685917.375,147694.078125
489,1.9599587822749527,167555.484375,132244.734375,152280.5625,134033.046875,152410.734375,149741.9375,685934.5,147687.015625
490,1.9639589822318158,167546.359375,132238.46875,152272.96875,134021.875,152402.421875,149730.5,686024.9375,147682.09375
491,1.9679591821895883,167544.390625,132231.046875,152267.6875,134017.40625,152393.75,149718.703125,686004.375,147672.96875
492,1.9719594821463033,167552.703125,132240.265625,152276.90625,134029.296875,152401.890625,149730.140625,685967.125,147679.234375
493,1.9759586823283826,167557.453125,132246.6875,152281.546875,134032.953125,152406.625,149736.21875,685965.6875,147680.125
494,1.979958982286007,167544.03125,132237.484375,152268.40625,134010.875,152391.78125,149721.203125,685947.25,147659.75
495,1.9839590822430182,167543.40625,132238.296875,152269.921875,134012.578125,152395.359375,149729.34375,685947.0,147664.296875
496,1.9879594826506946,167547.703125,132243.203125,152274.9375,134020.0,152402.515625,149735.59375,686031.1875,147674.3125
497,1.9919586828327738,167551.359375,132252.15625,152281.375,134028.046875,152409.3125,149745.34375,686003.75,147680.484375
498,1.9959589827903983,167554.578125,132259.484375,152287.265625,134039.21875,152414.140625,149754.453125,685984.125,147685.5
499,1.9999591827472614,167553.25,132260.375,152285.296875,134032.6875,152411.015625,149749.625,685970.0625,147683.609375
500,2.0039593827041244,167558.78125,132266.359375,152285.75,134025.625,152409.484375,149746.765625,685932.5,147683.890625
501,2.007959682661749,167557.71875,132264.046875,152284.765625,134021.515625,152408.78125,149747.578125,685937.4375,147685.9375
502,2.011958882843828,167559.0625,132261.453125,152283.34375,134022.046875,152405.640625,149743.109375,686064.125,147682.453125
503,2.0159590828006912,167555.65625,132253.84375,152279.21875,134021.328125,152401.171875,149732.90625,686105.0625,147681.015625
504,2.019959282758464,167554.140625,132248.84375,152278.515625,134018.5625,152398.3125,149727.453125,686087.75,147676.734375
505,2.023959482715327,167554.671875,132245.078125,152277.96875,134020.171875,152399.203125,149733.984375,686024.0,147674.234375
506,2.027958682897406,167556.109375,132246.6875,152282.359375,134027.40625,152408.421875,149745.78125,685956.5625,147691.484375
507,2.0319589828550306,167543.671875,132226.125,152264.03125,134009.0,152383.5625,149715.03125,685955.6875,147666.0
508,2.0359591828118937,167528.84375,132211.109375,152248.28125,133988.078125,152366.578125,149699.03125,686069.9375,147648.203125
509,2.03995958276937,167528.296875,132214.78125,152254.015625,133998.625,152375.0625,149714.671875,686102.75,147661.796875
510,2.0439587829514494,167527.3125,132215.484375,152251.953125,133988.96875,152373.734375,149709.125,686055.375,147659.390625
511,2.0479847017586508,167530.265625,132218.53125,152255.4375,133992.8125,152376.59375,149708.421875,685969.5,147664.65625
512,2.0519842021658405,167535.359375,132225.5,152260.0,133998.53125,152382.21875,149720.125,685905.9375,147673.15625
513,2.055984302123761,167533.484375,132225.5,152259.109375,134004.4375,152384.09375,149728.53125,685941.8125,147678.515625
514,2.0599845020806242,167524.015625,132216.390625,152251.234375,134000.140625,152377.84375,149721.921875,686058.125,147673.953125
515,2.0639841022630208,167526.0625,132223.265625,152252.140625,133999.78125,152380.078125,149723.96875,686022.5625,147675.921875
516,2.067984602220349,167525.171875,132221.65625,152249.1875,133992.015625,152381.421875,149728.4375,685943.75,147675.65625
517,2.0719838024024284,167532.859375,132229.96875,152253.203125,133987.359375,152383.203125,149729.78125,685909.4375,147671.8125
518,2.0759841023591434,167543.671875,132238.015625,152264.46875,134003.90625,152394.5625,149734.703125,685994.5625,147684.859375
519,2.079984302316916,167544.390625,132237.390625,152264.921875,134006.140625,152394.640625,149733.265625,686075.0,147683.171875
520,2.083984502273779,167549.9375,132243.390625,152267.59375,134004.34375,152396.96875,149736.484375,686046.25,147678.609375
521,2.0879837024558583,167551.90625,132245.53125,152271.09375,134009.078125,152401.890625,149740.0625,685985.6875,147685.3125
522,2.0919843024130387,167541.0,132235.515625,152262.59375,134002.5625,152392.6875,149725.484375,685928.875,147677.453125
523,2.0959844023709593,167533.84375,132224.609375,152253.75,133991.734375,152379.265625,149711.640625,685907.375,147661.703125
524,2.0999846023278224,167535.90625,132229.078125,152259.109375,133996.84375,152386.6875,149723.25,685944.75,147675.296875
525,2.1039838025099016,167534.734375,132225.421875,152256.78125,133995.234375,152380.875,149722.625,686050.4375,147655.09375
526,2.107984002467674,167543.671875,132233.90625,152268.578125,134011.328125,152391.78125,149728.625,686010.75,147669.40625
527,2.111984202424537,167545.203125,132236.0625,152272.34375,134017.578125,152393.84375,149722.265625,685953.4375,147674.234375
528,2.1159847028320655,167532.953125,132223.625,152260.71875,134001.21875,152385.078125,149711.90625,685929.9375,147665.828125
529,2.119983803014293,167535.453125,132234.625,152266.96875,134004.96875,152393.671875,149724.515625,685908.125,147670.921875
530,2.123983902971304,167546.265625,132243.75,152272.515625,134001.671875,152401.4375,149733.359375,685901.5,147677.796875
531,2.1279841029290765,167542.6875,132236.140625,152265.640625,134000.6875,152390.53125,149717.0,686010.0,147659.921875
532,2.1319842028860876,167547.25,132240.34375,152270.640625,134006.765625,152393.125,149721.640625,686050.4375,147665.28125
533,2.1359844028429507,167544.21875,132243.296875,152271.0,134002.640625,152395.625,149732.203125,686005.75,147670.921875
534,2.1399846027998137,167542.515625,132238.828125,152269.5625,133999.78125,152396.890625,149735.59375,685977.9375,147676.46875
535,2.1439837029829505,167545.734375,132240.34375,152267.953125,133995.9375,152388.484375,149720.578125,685935.0,147665.375
536,2.1479839029398136,167538.046875,132230.515625,152260.359375,133987.0,152381.953125,149710.734375,685912.8125,147659.921875
537,2.1519840028968247,167535.625,132228.90625,152261.515625,133986.015625,152385.625,149709.40625,686022.75,147666.8125
538,2.155984102853836,167542.6875,132236.140625,152270.734375,134000.953125,152395.09375,149715.484375,686084.5,147684.421875
539,2.1599843028116084,167549.9375,132248.296875,152278.234375,134005.421875,152402.609375,149731.65625,686078.25,147677.53125
540,2.1639845027684714,167545.640625,132241.953125,152269.125,133991.5625,152392.0625,149719.40625,686020.5625,147659.921875
541,2.1679846027254825,167551.90625,132247.59375,152275.921875,134005.234375,152398.9375,149729.515625,685975.1875,147672.34375
542,2.1719838029075618,167535.265625,132229.703125,152258.125,133982.53125,152380.4375,149711.71875,685914.375,147653.21875
543,2.1760090546322317,167530.453125,132225.5,152255.265625,133982.0,152376.859375,149705.828125,685909.25,147655.359375
544,2.180008355040627,167528.484375,132237.484375,152261.875,133985.84375,152388.296875,149725.484375,685950.8125,147669.125
545,2.1840079552230236,167521.328125,132234.359375,152257.3125,133976.0,152384.453125,149721.734375,686045.8125,147662.609375
546,2.1880081551798867,167531.078125,132245.0,152269.921875,133992.546875,152398.671875,149737.734375,686022.1875,147678.078125
547,2.1920083551367497,167529.28125,132236.5,152266.34375,133987.453125,152398.5,149737.390625,685990.1875,147680.9375
548,2.1960085550945223,167529.28125,132249.375,152276.546875,133999.703125,152409.671875,149745.875,685981.6875,147695.859375
549,2.2000086550515334,167508.71875,132236.765625,152263.3125,133986.5625,152393.21875,149716.734375,685929.125,147684.78125
550,2.2040088550083965,167504.15625,132227.828125,152252.484375,133977.703125,152382.671875,149708.0625,685910.0625,147672.078125
551,2.2080079551906238,167502.546875,132223.8125,152251.59375,133979.765625,152384.71875,149716.015625,686012.25,147667.078125
552,2.2120081551483963,167502.46875,132221.84375,152248.828125,133974.65625,152380.15625,149711.90625,686030.4375,147662.0625
553,2.2160083551052594,167505.140625,132219.25,152248.734375,133978.78125,152376.046875,149706.625,686016.75,147655.546875
554,2.2200084550622705,167514.796875,132233.015625,152260.0,133990.484375,152388.65625,149721.296875,686006.1875,147667.34375
555,2.2240086550191336,167528.296875,132249.734375,152274.390625,134006.40625,152406.890625,149740.15625,685960.5625,147688.53125
556,2.228008754977054,167545.828125,132263.6875,152284.3125,134011.328125,152415.75,149750.53125,685922.0625,147687.1875
557,2.2320078551592815,167553.6875,132273.25,152291.921875,134016.234375,152424.515625,149765.71875,685907.375,147692.828125
558,2.2360079551162926,167551.90625,132266.984375,152292.28125,134017.765625,152422.28125,149748.828125,686000.1875,147699.984375
559,2.2400080550733037,167539.390625,132252.5,152281.09375,134004.4375,152412.171875,149732.828125,686045.875,147697.03125
560,2.244008255481276,167534.203125,132248.03125,152275.5625,133997.90625,152406.265625,149732.828125,685996.0,147690.140625
561,2.248008455438139,167538.046875,132251.609375,152276.71875,133996.75,152405.015625,149735.953125,685945.9375,147681.296875
562,2.2520085553951503,167540.015625,132254.734375,152277.171875,133997.375,152406.984375,149735.953125,685913.0,147683.25
563,2.2560086553521614,167540.015625,132256.890625,152282.265625,134008.8125,152415.84375,149743.015625,686010.5,147701.59375
564,2.260008855309934,167539.296875,132255.1875,152275.828125,134001.9375,152404.84375,149736.84375,686070.8125,147674.765625
565,2.2640079554921613,167541.796875,132256.796875,152277.4375,133998.09375,152408.78125,149744.171875,686025.5625,147683.4375
566,2.2680080554491724,167548.0625,132262.875,152281.8125,134001.75,152415.21875,149745.15625,685955.9375,147699.53125
567,2.2720081554061835,167547.515625,132252.859375,152272.421875,133994.609375,152401.53125,149730.59375,685917.6875,147678.96875
568,2.2760083553630466,167544.65625,132245.4375,152265.28125,133989.5,152393.390625,149725.671875,686027.1875,147669.75
569,2.280008455320967,167545.46875,132247.328125,152268.5,133997.1875,152396.96875,149726.125,686071.25,147676.546875
570,2.2840086552778303,167543.234375,132244.90625,152265.359375,133990.75,152394.46875,149721.734375,686019.875,147677.625
571,2.2880087552348414,167544.21875,132246.6875,152265.28125,133989.421875,152394.5625,149724.421875,685957.25,147676.109375
572,2.2920078554170686,167537.953125,132240.609375,152258.21875,133987.890625,152387.859375,149718.34375,685934.75,147668.421875
573,2.2960079553740798,167535.359375,132240.609375,152255.53125,133984.046875,152385.53125,149720.390625,686055.25,147667.34375
574,2.3000080553320004,167538.3125,132247.671875,152260.625,133990.3125,152392.0625,149732.28125,686114.625,147674.140625
575,2.3040345473018533,167540.015625,132252.421875,152264.296875,133993.53125,152396.34375,149736.84375,686072.625,147678.96875
576,2.308034147708895,167560.578125,132272.53125,152284.953125,134015.96875,152416.828125,149758.03125,686005.5625,147696.84375
577,2.3120344476665196,167564.234375,132276.015625,152288.96875,134022.5,152420.046875,149764.03125,685958.25,147700.6875
578,2.3160346476233826,167567.546875,132282.015625,152295.40625,134028.3125,152429.515625,149770.203125,685960.5625,147717.859375
579,2.320033847805462,167565.3125,132278.171875,152292.640625,134025.265625,152426.03125,149768.140625,685943.125,147697.03125
580,2.3240340477632344,167557.09375,132267.171875,152282.0,134015.515625,152413.25,149748.109375,685912.5625,147681.921875
581,2.3280342477200975,167553.0625,132262.34375,152278.328125,134010.609375,152414.140625,149752.046875,686010.3125,147688.078125
582,2.3320344476769606,167558.25,132263.234375,152282.984375,134020.4375,152418.515625,149749.984375,686058.5625,147693.09375
583,2.336034647634733,167562.8125,132265.65625,152287.0,134027.40625,152420.390625,149749.984375,686044.375,147692.203125
584,2.3400338478168123,167561.734375,132265.296875,152284.046875,134021.421875,152417.71875,149747.21875,686028.1875,147693.546875
585,2.3440340477736754,167567.109375,132268.328125,152287.1875,134025.453125,152419.953125,149748.109375,686002.6875,147700.953125
586,2.3480341477306865,167572.46875,132276.5625,152294.59375,134039.484375,152425.046875,149754.546875,685936.8125,147708.296875
587,2.352034347688459,167564.59375,132268.953125,152287.0,134027.859375,152419.234375,149747.03125,685938.4375,147709.625
588,2.35603444764547,167551.453125,132254.109375,152274.75,134015.34375,152404.75,149724.953125,686069.375,147703.90625
589,2.3600346476023333,167549.046875,132253.765625,152274.578125,134014.265625,152402.515625,149730.59375,686093.25,147697.5625
590,2.3640337477845605,167553.15625,132259.390625,152276.09375,134011.765625,152406.0,149740.515625,686054.1875,147697.921875
591,2.368033947742333,167560.21875,132265.03125,152281.640625,134018.203125,152411.453125,149743.734375,686009.375,147706.953125
592,2.37203384814984,167560.125,132263.234375,152281.8125,134019.8125,152410.921875,149744.984375,685970.9375,147701.3125
593,2.3760340481067033,167564.15625,132268.78125,152286.203125,134026.78125,152415.484375,149751.953125,685953.875,147706.953125
594,2.3800341480637144,167554.9375,132256.703125,152273.859375,134020.34375,152401.796875,149731.03125,685937.4375,147696.765625
595,2.384034248021635,167546.53125,132254.03125,152263.125,133999.96875,152390.71875,149723.53125,685926.625,147675.84375
596,2.388034347978646,167539.46875,132243.828125,152252.140625,133983.875,152376.59375,149712.796875,686025.6875,147656.25
597,2.3920344479356572,167552.796875,132246.25,152265.015625,134002.375,152390.625,149722.09375,686054.4375,147677.71875
598,2.3960346478925203,167575.859375,132269.84375,152289.5,134028.046875,152414.578125,149744.453125,686064.3125,147701.9375
599,2.400033848075509,167573.984375,132270.390625,152288.96875,134023.84375,152414.765625,149745.78125,686059.1875,147697.203125
600,2.404034048032372,167579.4375,132278.53125,152295.40625,134032.421875,152422.71875,149753.03125,686007.625,147701.859375
601,2.408034147989383,167595.53125,132295.0625,152309.265625,134040.203125,152440.609375,149777.171875,685941.5625,147719.46875
602,2.4120342479463943,167585.515625,132282.09375,152298.890625,134027.40625,152430.40625,149761.078125,685932.6875,147717.40625
603,2.4160343479034054,167572.375,132272.359375,152287.71875,134020.703125,152414.5,149743.46875,686054.4375,147690.859375
604,2.4200344478604165,167562.09375,132264.9375,152282.796875,134016.6875,152410.65625,149736.75,686053.75,147688.984375
605,2.424034647818189,167556.46875,132259.84375,152278.0625,134012.21875,152407.609375,149729.34375,685998.5625,147691.484375
606,2.4280337480004164,167570.328125,132272.09375,152288.96875,134021.78125,152418.4375,149743.828125,685943.4375,147698.8125
607,2.432059105544795,167568.171875,132262.96875,152282.171875,134012.9375,152410.109375,149736.21875,685925.6875,147688.078125
608,2.4360594057270646,167579.625,132279.421875,152296.84375,134030.546875,152425.765625,149754.546875,686046.0,147706.6875
609,2.4400595056840757,167585.703125,132288.265625,152300.59375,134033.84375,152430.671875,149763.765625,686084.0625,147710.890625
610,2.4440597056409388,167574.4375,132274.40625,152287.453125,134021.609375,152420.84375,149749.0,686032.5,147707.125
611,2.4480589058239275,167562.0,132262.875,152274.9375,134012.21875,152407.25,149736.84375,685959.25,147694.171875
612,2.4520591057807906,167570.234375,132276.109375,152284.859375,134027.0625,152419.59375,149751.859375,685907.75,147707.125
613,2.4560593057376536,167564.15625,132267.96875,152280.03125,134014.984375,152422.0,149755.984375,685896.5625,147723.140625
614,2.4600594056946647,167552.0,132257.78125,152269.390625,134005.234375,152412.171875,149742.21875,685897.5625,147718.75
615,2.4640596056524373,167530.453125,132238.5625,152248.109375,133988.609375,152386.78125,149711.28125,685972.5625,147685.046875
616,2.4680598056093004,167519.453125,132226.3125,152236.9375,133978.59375,152378.015625,149705.375,686049.8125,147678.96875
617,2.4720589057915276,167515.515625,132223.453125,152234.609375,133977.53125,152374.4375,149704.125,685998.9375,147675.921875
618,2.4760590057485388,167522.75,132231.40625,152242.828125,133988.078125,152382.40625,149711.015625,685977.5625,147688.53125
619,2.4800592057063113,167530.171875,132242.40625,152248.640625,133989.421875,152390.265625,149730.3125,685964.9375,147685.40625
620,2.4840593056633224,167533.9375,132246.515625,152252.484375,133993.171875,152394.734375,149739.625,685926.0,147689.96875
621,2.4880594056203336,167534.734375,132244.375,152250.796875,133986.46875,152390.0,149731.390625,685936.1875,147682.359375
622,2.4920596055771966,167531.25,132242.765625,152249.625,133985.578125,152389.1875,149728.171875,686045.625,147678.25
623,2.4960588057601854,167532.234375,132248.125,152256.15625,133994.421875,152396.796875,149732.109375,686040.0625,147683.4375
624,2.5000588061675444,167535.8125,132253.578125,152259.546875,133996.5625,152402.6875,149739.796875,686033.4375,147685.9375
625,2.5040589061245555,167535.546875,132253.125,152261.703125,133997.28125,152409.9375,149744.890625,685998.25,147693.0
626,2.5080590060815666,167547.25,132265.46875,152274.65625,134009.71875,152423.53125,149758.125,685945.8125,147704.625
627,2.5120591060385777,167552.34375,132274.140625,152281.015625,134014.8125,152431.65625,149766.171875,685944.5,147710.890625
628,2.5160592059964983,167550.65625,132272.359375,152282.171875,134024.109375,152436.3125,149770.375,686045.0625,147721.171875
629,2.5200594059533614,167551.1875,132276.375,152283.25,134026.34375,152441.765625,149778.875,686046.6875,147722.59375
630,2.5240595059103725,167561.015625,132286.578125,152289.59375,134026.609375,152449.09375,149797.203125,686024.5,147721.53125
631,2.528059006092917,167570.765625,132293.359375,152296.65625,134032.78125,152451.0625,149789.953125,685975.0625,147723.21875
632,2.5320591060499282,167562.09375,132273.0625,152279.3125,134017.046875,152425.21875,149747.390625,685933.125,147698.015625
633,2.5360592060069393,167562.0,132270.5625,152276.0,134012.390625,152417.984375,149734.34375,685924.4375,147694.703125
634,2.5400593059639505,167561.5625,132273.703125,152277.796875,134013.734375,152422.28125,149740.6875,685917.9375,147701.671875
635,2.544059405921871,167550.734375,132265.03125,152270.8125,134012.03125,152417.984375,149733.265625,685957.25,147699.0
636,2.548059505878882,167539.390625,132250.71875,152259.734375,134000.5,152409.3125,149731.921875,686024.625,147689.0625
637,2.5520596058358933,167552.53125,132265.921875,152270.90625,134004.34375,152419.59375,149744.09375,686016.9375,147701.046875
638,2.5560597057929044,167556.828125,132274.046875,152276.546875,134008.015625,152425.84375,149750.25,686005.8125,147706.328125
639,2.5600976456971694,167555.921875,132271.546875,152273.59375,134000.859375,152419.765625,149737.734375,685974.8125,147704.53125
640,2.5640977458788257,167551.28125,132261.8125,152263.671875,133995.234375,152409.84375,149728.0,685915.4375,147696.671875
641,2.5680970460616663,167542.0625,132247.671875,152254.28125,133993.96875,152398.40625,149714.859375,685953.625,147682.359375
642,2.5720971460186774,167550.109375,132253.84375,152261.796875,134003.0,152404.296875,149717.359375,686050.0,147683.796875
643,2.5760973459755405,167539.390625,132241.59375,152250.34375,133988.796875,152391.78125,149706.984375,686039.4375,147664.578125
644,2.580097545933313,167555.75,132261.0,152267.421875,134005.78125,152410.65625,149727.1875,686048.3125,147683.171875
645,2.584097745890176,167559.765625,132264.9375,152272.609375,134013.109375,152416.015625,149732.203125,686008.6875,147689.78125
646,2.5880969460722554,167544.03125,132250.0,152254.546875,133994.421875,152397.859375,149714.40625,685920.25,147670.828125
647,2.592097046030176,167559.5,132270.125,152270.90625,134006.40625,152415.03125,149735.78125,685915.8125,147690.765625
648,2.596097245987039,167564.421875,132271.453125,152277.171875,134018.734375,152423.796875,149745.15625,686045.5,147702.921875
649,2.60009734594405,167578.09375,132280.3125,152289.234375,134034.390625,152434.796875,149756.421875,686095.25,147708.203125
650,2.6040974459010613,167601.96875,132308.921875,152314.984375,134056.109375,152463.84375,149787.8125,686080.9375,147741.8125
651,2.608097645858834,167595.71875,132305.078125,152309.078125,134053.609375,152461.875,149784.5,686011.1875,147745.84375
652,2.612097745815845,167582.296875,132291.40625,152296.84375,134048.421875,152450.078125,149769.03125,685939.3125,147740.390625
653,2.616096945997924,167578.71875,132289.515625,152292.453125,134041.453125,152445.078125,149762.59375,685912.75,147738.515625
654,2.6200971459547873,167583.46875,132298.109375,152297.109375,134046.640625,152451.15625,149773.59375,685913.125,147738.328125
655,2.6240972459117984,167577.109375,132293.09375,152291.734375,134045.03125,152448.828125,149771.0,685921.8125,147732.4375
656,2.628097346319919,167560.484375,132277.0,152272.96875,134019.71875,152434.875,149763.046875,686032.1875,147715.984375
657,2.63209744627693,167565.84375,132276.015625,152274.21875,134026.078125,152435.421875,149764.203125,686064.5625,147715.71875
658,2.636097546233941,167569.34375,132275.125,152276.984375,134037.875,152437.203125,149760.890625,686061.25,147718.9375
659,2.6400977461917137,167560.75,132263.140625,152265.984375,134023.125,152422.984375,149735.59375,686044.6875,147707.671875
660,2.644096846373941,167554.671875,132255.90625,152258.21875,134014.890625,152414.671875,149721.296875,686000.375,147699.796875
661,2.648096946330952,167556.375,132256.984375,152258.578125,134014.453125,152418.4375,149725.671875,685941.375,147708.296875
662,2.652097046287963,167563.25,132267.609375,152268.21875,134024.546875,152425.765625,149735.59375,685996.375,147711.328125
663,2.6560971462449743,167554.140625,132257.6875,152259.46875,134011.765625,152415.296875,149731.125,686064.9375,147698.375
664,2.660097346202747,167556.28125,132261.71875,152260.984375,134014.984375,152418.15625,149738.1875,686060.375,147705.609375
665,2.664097446159758,167552.4375,132257.15625,152257.5,134006.578125,152419.765625,149738.640625,686018.9375,147716.609375
666,2.668097546116769,167553.875,132260.375,152258.21875,134007.390625,152420.21875,149740.421875,685954.6875,147706.328125
667,2.67209764607378,167546.1875,132255.1875,152254.8125,134002.734375,152415.03125,149735.78125,685920.0625,147699.265625
668,2.6760977460307913,167529.734375,132245.265625,152242.65625,133993.890625,152401.984375,149723.4375,686007.4375,147694.875
669,2.68009694621378,167541.53125,132256.984375,152251.421875,134005.328125,152412.4375,149734.25,686051.6875,147698.28125
670,2.684097146170643,167557.09375,132270.65625,152262.765625,134016.421875,152424.328125,149748.203125,686033.125,147703.109375
671,2.688117310179223,167581.671875,132290.953125,152283.515625,134040.109375,152445.078125,149764.5625,685985.0625,147724.296875
672,2.692117610362402,167596.78125,132301.140625,152297.109375,134055.578125,152459.828125,149777.34375,685931.0625,147741.640625
673,2.696117810319265,167580.78125,132285.140625,152284.765625,134046.015625,152447.046875,149764.203125,685901.6875,147730.109375
674,2.700116910500583,167583.46875,132292.734375,152289.421875,134051.90625,152452.40625,149771.53125,685901.3125,147735.03125
675,2.7041174104579113,167600.0,132312.40625,152300.140625,134058.703125,152461.609375,149789.15625,685909.0,147730.640625
676,2.7081176104147744,167597.859375,132316.078125,152299.515625,134052.625,152463.84375,149796.75,685998.25,147730.546875
677,2.712117710372695,167579.34375,132295.25,152283.15625,134040.109375,152444.984375,149770.546875,686048.5625,147712.3125
678,2.716117910329558,167562.453125,132279.953125,152268.140625,134025.625,152428.0,149746.859375,686040.6875,147700.25
679,2.720117010512695,167576.765625,132302.578125,152290.125,134048.78125,152457.765625,149785.84375,686029.5,147735.5625
680,2.724117210469558,167565.9375,132285.3125,152278.859375,134039.484375,152445.515625,149768.234375,685967.375,147720.8125
681,2.7281173104256595,167543.40625,132254.734375,152250.25,134011.671875,152411.546875,149716.8125,685904.5,147691.484375
682,2.73211741038358,167533.75,132245.359375,152241.9375,134005.6875,152405.203125,149717.265625,685991.4375,147689.515625
683,2.7361175103415007,167539.390625,132252.59375,152247.84375,134010.875,152409.578125,149726.203125,686097.625,147690.953125
684,2.7401176102976024,167543.140625,132259.21875,152254.09375,134018.203125,152419.40625,149737.109375,686102.3125,147701.5
685,2.7441178102544654,167545.375,132266.90625,152256.875,134015.609375,152424.6875,149744.71875,686056.9375,147703.28125
686,2.748116910437602,167542.421875,132261.984375,152252.40625,134010.6875,152415.921875,149737.296875,685983.125,147687.640625
687,2.752117010395523,167544.125,132260.28125,152255.359375,134015.796875,152419.59375,149742.84375,685924.3125,147692.015625
688,2.7561172108016763,167516.40625,132233.90625,152225.21875,133985.21875,152386.78125,149710.296875,685944.0625,147657.0625
689,2.760117310759597,167498.96875,132218.984375,152207.25,133966.265625,152368.625,149692.140625,686070.125,147642.75
690,2.7641174107156985,167522.21875,132239.71875,152229.515625,133985.125,152393.21875,149717.984375,686083.8125,147672.890625
691,2.768117510673619,167556.015625,132276.375,152263.84375,134013.109375,152429.0625,149753.03125,686038.5625,147716.96875
692,2.7721176106315397,167602.6875,132317.953125,152307.296875,134062.109375,152467.96875,149792.1875,686013.3125,147744.140625
693,2.7761177105876413,167587.046875,132290.953125,152284.671875,134043.6875,152438.71875,149763.046875,685979.1875,147708.65625
694,2.780117810545562,167591.6875,132289.34375,152289.6875,134059.25,152444.09375,149763.3125,685971.3125,147719.828125
695,2.7841171107284026,167584.09375,132277.625,152280.296875,134044.046875,152438.546875,149760.8125,685942.25,147710.078125
696,2.7881172106845042,167588.5625,132287.203125,152286.109375,134044.765625,152447.21875,149774.3125,686014.9375,147715.359375
697,2.792117310642425,167599.203125,132296.140625,152294.515625,134056.46875,152448.921875,149770.015625,686059.375,147718.9375
698,2.7961174105985265,167581.40625,132275.3125,152273.234375,134035.28125,152424.328125,149736.40625,686034.0625,147701.9375
699,2.800117510556447,167572.109375,132271.734375,152265.09375,134024.546875,152417.984375,149731.75,686010.9375,147698.375
700,2.8041176105125487,167568.359375,132274.328125,152267.515625,134029.921875,152424.421875,149745.703125,685971.125,147705.25
701,2.8081177104704693,167564.328125,132274.140625,152264.828125,134027.859375,152424.234375,149744.09375,685945.625,147710.4375
702,2.8121169106525485,167544.484375,132254.65625,152246.046875,134006.21875,152406.09375,149723.53125,686039.25,147695.859375
703,2.8161451431060414,167552.171875,132265.828125,152257.671875,134020.890625,152420.671875,149741.9375,686073.9375,147713.125
704,2.8201444437381724,167550.65625,132261.8125,152256.328125,134029.015625,152421.46875,149742.296875,686055.875,147717.140625
705,2.824144743695797,167546.625,132259.5625,152252.3125,134021.328125,152421.828125,149741.5,686007.8125,147725.28125
706,2.8281450436516025,167540.28125,132254.03125,152243.8125,134012.390625,152409.21875,149732.28125,685941.625,147696.9375
707,2.8321442438355007,167535.359375,132250.359375,152237.375,134006.046875,152401.53125,149726.390625,685978.3125,147688.71875
708,2.8361444437923637,167546.1875,132254.46875,152248.46875,134018.203125,152414.765625,149740.875,686070.5625,147709.8125
709,2.840144643749227,167558.15625,132262.78125,152258.390625,134023.75,152425.046875,149755.890625,686084.125,147716.421875
710,2.8441446441574953,167567.734375,132270.125,152266.265625,134029.828125,152431.125,149760.1875,686048.3125,147724.390625
711,2.8481452441137662,167580.6875,132276.921875,152272.96875,134036.265625,152432.109375,149760.1875,685985.375,147726.703125
712,2.8521444442958455,167576.671875,132266.1875,152264.65625,134028.046875,152421.296875,149749.0,685919.875,147720.1875
713,2.8561446442527085,167563.796875,132246.421875,152251.421875,134015.796875,152404.484375,149732.734375,685990.625,147701.859375
714,2.860144744210629,167573.1875,132262.15625,152264.203125,134027.234375,152417.09375,149751.59375,686083.5,147707.75
715,2.864144944167492,167576.3125,132273.25,152268.578125,134024.734375,152420.046875,149758.84375,686050.8125,147704.890625
716,2.868145044125413,167576.84375,132268.875,152264.46875,134019.546875,152409.046875,149733.984375,685992.5625,147697.390625
717,2.872144244307492,167571.65625,132253.125,152251.953125,134007.5625,152387.046875,149693.9375,685935.375,147678.15625
718,2.876144844263763,167577.828125,132262.25,152261.25,134017.84375,152396.34375,149708.140625,685919.375,147684.15625
719,2.880145044222445,167577.5625,132268.59375,152266.609375,134023.921875,152405.828125,149728.890625,685916.6875,147687.109375
720,2.884144344854576,167571.125,132263.859375,152256.875,134007.828125,152395.1875,149708.140625,685992.875,147676.734375
721,2.888144544811439,167574.96875,132268.15625,152264.03125,134018.734375,152407.796875,149723.34375,686044.4375,147694.078125
722,2.8921448447690636,167555.84375,132250.984375,152248.109375,134005.6875,152399.390625,149719.5,685985.4375,147693.984375
723,2.8961450447259267,167551.90625,132251.875,152244.265625,134007.5625,152396.96875,149719.234375,685959.5,147680.3125
724,2.90014524468279,167552.53125,132257.78125,152249.71875,134017.84375,152407.875,149728.171875,685942.6875,147690.765625
725,2.904144444864869,167540.734375,132249.5625,152239.4375,134004.171875,152406.359375,149732.375,685981.625,147696.578125
726,2.9081445448227896,167543.59375,132242.578125,152237.5625,134010.421875,152404.390625,149723.4375,686047.0625,147697.390625
727,2.9121447447796527,167559.953125,132252.421875,152250.078125,134030.71875,152416.46875,149736.84375,686005.3125,147708.203125
728,2.916144445187456,167566.828125,132255.28125,152250.53125,134025.625,152420.578125,149747.578125,685975.0,147719.46875
729,2.9201447451450804,167543.859375,132230.6875,152225.40625,133997.375,152396.53125,149729.78125,685953.25,147696.046875
730,2.9241449451019434,167542.875,132231.859375,152225.84375,133996.5625,152397.515625,149735.59375,685929.8125,147700.25
731,2.9281451450588065,167545.109375,132235.703125,152228.703125,134000.140625,152400.734375,149739.53125,685988.5625,147705.15625
732,2.9321442452419433,167541.796875,132236.328125,152225.765625,133995.671875,152395.453125,149740.25,685996.8125,147689.78125
733,2.936144345198045,167543.953125,132235.4375,152227.90625,133999.34375,152393.578125,149731.03125,685973.75,147695.6875
734,2.940144545154908,167530.890625,132224.703125,152218.15625,133986.640625,152384.015625,149722.8125,685947.25,147693.359375
735,2.94396056250298,167532.59375,132222.015625,152216.1875,133978.234375,152379.53125,149715.921875,685902.9375,147686.5625
736,2.9479596629098523,167548.953125,132230.15625,152226.828125,133989.6875,152386.25,149718.96875,685919.25,147686.46875
737,2.9519598628667154,167566.828125,132253.84375,152247.390625,134006.5,152406.359375,149745.78125,686048.75,147699.984375
738,2.955959962824636,167573.359375,132266.359375,152254.546875,134003.28125,152411.015625,149757.953125,686065.5625,147694.875
739,2.959960162781499,167582.75,132270.921875,152263.125,134012.296875,152416.546875,149751.59375,686067.5,147702.5625
740,2.963960362738362,167573.546875,132255.09375,152247.21875,133999.703125,152392.234375,149699.203125,686029.3125,147680.3125
741,2.9679605626952252,167569.96875,132255.09375,152240.328125,133979.3125,152382.671875,149688.75,685937.4375,147665.5625
742,2.971959662878362,167566.921875,132253.9375,152243.90625,133984.5,152389.640625,149698.671875,685967.75,147672.171875
743,2.975959862835225,167559.0625,132243.390625,152235.328125,133977.078125,152386.421875,149696.25,686075.625,147673.15625
744,2.9799599627931457,167552.171875,132237.671875,152223.96875,133965.1875,152377.296875,149691.703125,686072.375,147662.875
745,2.9839601627500087,167569.96875,132265.921875,152246.765625,133992.71875,152404.296875,149727.453125,686068.3125,147686.75
746,2.987960362706872,167564.15625,132262.703125,152245.34375,133997.46875,152401.71875,149720.125,686021.3125,147679.6875
747,2.9919604626629734,167552.0,132256.0,152238.546875,133995.5,152399.296875,149716.375,685949.25,147682.71875
748,2.9959596628468717,167539.5625,132244.734375,152230.859375,133996.75,152395.984375,149717.4375,685897.9375,147687.28125
749,2.9999597628029733,167526.421875,132235.515625,152221.109375,133991.65625,152392.40625,149718.15625,685950.375,147689.15625
750,3.0039599627598363,167525.625,132233.46875,152218.421875,133987.0,152391.875,149721.734375,686037.9375,147691.75
